name,zone
Person 1,Zone 5
Person 2,Zone 4
Person 3,Zone 3
Person 4,Zone 2
Person 5,Zone 3
Person 6,Zone 3
Person 7,Zone 4
Person 8,Zone 2
Person 9,Zone 3
Person 10,Zone 3
Person 11,Zone 5
Person 12,Zone 3
Person 13,Zone 2
Person 14,Zone 4
Person 15,Zone 4
Person 16,Zone 2
Person 17,Zone 5
Person 18,Zone 5
Person 19,Zone 5
Person 20,Zone 5
Person 21,Zone 2
Person 22,Zone 4
Person 23,Zone 5
Person 24,Zone 4
Person 25,Zone 3
Person 26,Zone 1
Person 27,Zone 3
Person 28,Zone 4
Person 29,Zone 5
Person 30,Zone 5
Person 31,Zone 3
Person 32,Zone 5
Person 33,Zone 2
Person 34,Zone 5
Person 35,Zone 3
Person 36,Zone 1
Person 37,Zone 4
Person 38,Zone 2
Person 39,Zone 5
Person 40,Zone 4
Person 41,Zone 1
Person 42,Zone 3
Person 43,Zone 5
Person 44,Zone 2
Person 45,Zone 2
Person 46,Zone 5
Person 47,Zone 1
Person 48,Zone 3
Person 49,Zone 2
Person 50,Zone 5
Person 51,Zone 5
Person 52,Zone 3
Person 53,Zone 1
Person 54,Zone 2
Person 55,Zone 3
Person 56,Zone 5
Person 57,Zone 1
Person 58,Zone 3
Person 59,Zone 4
Person 60,Zone 3
Person 61,Zone 5
Person 62,Zone 3
Person 63,Zone 5
Person 64,Zone 4
Person 65,Zone 3
Person 66,Zone 3
Person 67,Zone 3
Person 68,Zone 2
Person 69,Zone 3
Person 70,Zone 2
Person 71,Zone 1
Person 72,Zone 1
Person 73,Zone 4
Person 74,Zone 4
Person 75,Zone 3
Person 76,Zone 1
Person 77,Zone 4
Person 78,Zone 5
Person 79,Zone 5
Person 80,Zone 5
Person 81,Zone 5
Person 82,Zone 5
Person 83,Zone 3
Person 84,Zone 2
Person 85,Zone 4
Person 86,Zone 2
Person 87,Zone 5
Person 88,Zone 5
Person 89,Zone 5
Person 90,Zone 3
Person 91,Zone 5
Person 92,Zone 3
Person 93,Zone 3
Person 94,Zone 4
Person 95,Zone 5
Person 96,Zone 5
Person 97,Zone 4
Person 98,Zone 1
Person 99,Zone 4
Person 100,Zone 3
Person 101,Zone 4
Person 102,Zone 5
Person 103,Zone 2
Person 104,Zone 4
Person 105,Zone 1
Person 106,Zone 2
Person 107,Zone 4
Person 108,Zone 2
Person 109,Zone 5
Person 110,Zone 1
Person 111,Zone 1
Person 112,Zone 4
Person 113,Zone 1
Person 114,Zone 3
Person 115,Zone 5
Person 116,Zone 3
Person 117,Zone 4
Person 118,Zone 1
Person 119,Zone 4
Person 120,Zone 4
Person 121,Zone 3
Person 122,Zone 2
Person 123,Zone 2
Person 124,Zone 5
Person 125,Zone 1
Person 126,Zone 1
Person 127,Zone 5
Person 128,Zone 1
Person 129,Zone 1
Person 130,Zone 2
Person 131,Zone 5
Person 132,Zone 5
Person 133,Zone 1
Person 134,Zone 3
Person 135,Zone 1
Person 136,Zone 2
Person 137,Zone 2
Person 138,Zone 4
Person 139,Zone 2
Person 140,Zone 1
Person 141,Zone 3
Person 142,Zone 1
Person 143,Zone 1
Person 144,Zone 5
Person 145,Zone 1
Person 146,Zone 2
Person 147,Zone 4
Person 148,Zone 5
Person 149,Zone 5
Person 150,Zone 1
Person 151,Zone 4
Person 152,Zone 5
Person 153,Zone 1
Person 154,Zone 4
Person 155,Zone 5
Person 156,Zone 2
Person 157,Zone 2
Person 158,Zone 3
Person 159,Zone 3
Person 160,Zone 1
Person 161,Zone 3
Person 162,Zone 3
Person 163,Zone 3
Person 164,Zone 3
Person 165,Zone 2
Person 166,Zone 2
Person 167,Zone 5
Person 168,Zone 2
Person 169,Zone 3
Person 170,Zone 1
Person 171,Zone 4
Person 172,Zone 2
Person 173,Zone 1
Person 174,Zone 2
Person 175,Zone 2
Person 176,Zone 5
Person 177,Zone 2
Person 178,Zone 2
Person 179,Zone 2
Person 180,Zone 5
Person 181,Zone 4
Person 182,Zone 4
Person 183,Zone 4
Person 184,Zone 2
Person 185,Zone 3
Person 186,Zone 4
Person 187,Zone 1
Person 188,Zone 1
Person 189,Zone 2
Person 190,Zone 2
Person 191,Zone 4
Person 192,Zone 2
Person 193,Zone 5
Person 194,Zone 3
Person 195,Zone 3
Person 196,Zone 3
Person 197,Zone 4
Person 198,Zone 3
Person 199,Zone 4
Person 200,Zone 1
Person 201,Zone 3
Person 202,Zone 2
Person 203,Zone 1
Person 204,Zone 3
Person 205,Zone 3
Person 206,Zone 3
Person 207,Zone 4
Person 208,Zone 5
Person 209,Zone 3
Person 210,Zone 2
Person 211,Zone 3
Person 212,Zone 5
Person 213,Zone 5
Person 214,Zone 5
Person 215,Zone 1
Person 216,Zone 5
Person 217,Zone 4
Person 218,Zone 1
Person 219,Zone 4
Person 220,Zone 5
Person 221,Zone 3
Person 222,Zone 4
Person 223,Zone 2
Person 224,Zone 2
Person 225,Zone 4
Person 226,Zone 1
Person 227,Zone 5
Person 228,Zone 3
Person 229,Zone 1
Person 230,Zone 1
Person 231,Zone 4
Person 232,Zone 5
Person 233,Zone 2
Person 234,Zone 5
Person 235,Zone 1
Person 236,Zone 5
Person 237,Zone 2
Person 238,Zone 1
Person 239,Zone 2
Person 240,Zone 3
Person 241,Zone 4
Person 242,Zone 5
Person 243,Zone 1
Person 244,Zone 3
Person 245,Zone 4
Person 246,Zone 2
Person 247,Zone 5
Person 248,Zone 2
Person 249,Zone 1
Person 250,Zone 1
Person 251,Zone 4
Person 252,Zone 3
Person 253,Zone 5
Person 254,Zone 5
Person 255,Zone 5
Person 256,Zone 1
Person 257,Zone 4
Person 258,Zone 4
Person 259,Zone 4
Person 260,Zone 4
Person 261,Zone 5
Person 262,Zone 4
Person 263,Zone 2
Person 264,Zone 3
Person 265,Zone 2
Person 266,Zone 3
Person 267,Zone 1
Person 268,Zone 1
Person 269,Zone 2
Person 270,Zone 4
Person 271,Zone 4
Person 272,Zone 2
Person 273,Zone 4
Person 274,Zone 1
Person 275,Zone 1
Person 276,Zone 5
Person 277,Zone 2
Person 278,Zone 2
Person 279,Zone 3
Person 280,Zone 2
Person 281,Zone 3
Person 282,Zone 2
Person 283,Zone 1
Person 284,Zone 1
Person 285,Zone 3
Person 286,Zone 1
Person 287,Zone 3
Person 288,Zone 2
Person 289,Zone 3
Person 290,Zone 1
Person 291,Zone 5
Person 292,Zone 3
Person 293,Zone 5
Person 294,Zone 5
Person 295,Zone 2
Person 296,Zone 3
Person 297,Zone 4
Person 298,Zone 3
Person 299,Zone 2
Person 300,Zone 4
Person 301,Zone 5
Person 302,Zone 5
Person 303,Zone 4
Person 304,Zone 2
Person 305,Zone 5
Person 306,Zone 4
Person 307,Zone 1
Person 308,Zone 1
Person 309,Zone 4
Person 310,Zone 1
Person 311,Zone 1
Person 312,Zone 2
Person 313,Zone 3
Person 314,Zone 3
Person 315,Zone 3
Person 316,Zone 3
Person 317,Zone 4
Person 318,Zone 3
Person 319,Zone 2
Person 320,Zone 5
Person 321,Zone 2
Person 322,Zone 4
Person 323,Zone 3
Person 324,Zone 2
Person 325,Zone 1
Person 326,Zone 5
Person 327,Zone 4
Person 328,Zone 5
Person 329,Zone 3
Person 330,Zone 4
Person 331,Zone 1
Person 332,Zone 2
Person 333,Zone 2
Person 334,Zone 1
Person 335,Zone 5
Person 336,Zone 2
Person 337,Zone 1
Person 338,Zone 1
Person 339,Zone 2
Person 340,Zone 3
Person 341,Zone 1
Person 342,Zone 5
Person 343,Zone 5
Person 344,Zone 1
Person 345,Zone 3
Person 346,Zone 4
Person 347,Zone 5
Person 348,Zone 3
Person 349,Zone 5
Person 350,Zone 2
Person 351,Zone 3
Person 352,Zone 3
Person 353,Zone 4
Person 354,Zone 2
Person 355,Zone 4
Person 356,Zone 2
Person 357,Zone 2
Person 358,Zone 5
Person 359,Zone 5
Person 360,Zone 5
Person 361,Zone 1
Person 362,Zone 1
Person 363,Zone 2
Person 364,Zone 4
Person 365,Zone 5
Person 366,Zone 3
Person 367,Zone 4
Person 368,Zone 5
Person 369,Zone 1
Person 370,Zone 1
Person 371,Zone 5
Person 372,Zone 1
Person 373,Zone 2
Person 374,Zone 1
Person 375,Zone 1
Person 376,Zone 5
Person 377,Zone 2
Person 378,Zone 1
Person 379,Zone 1
Person 380,Zone 4
Person 381,Zone 5
Person 382,Zone 3
Person 383,Zone 5
Person 384,Zone 3
Person 385,Zone 3
Person 386,Zone 4
Person 387,Zone 5
Person 388,Zone 4
Person 389,Zone 5
Person 390,Zone 4
Person 391,Zone 5
Person 392,Zone 2
Person 393,Zone 3
Person 394,Zone 3
Person 395,Zone 5
Person 396,Zone 3
Person 397,Zone 4
Person 398,Zone 2
Person 399,Zone 3
Person 400,Zone 5
Person 401,Zone 4
Person 402,Zone 4
Person 403,Zone 1
Person 404,Zone 1
Person 405,Zone 3
Person 406,Zone 2
Person 407,Zone 1
Person 408,Zone 5
Person 409,Zone 5
Person 410,Zone 2
Person 411,Zone 3
Person 412,Zone 5
Person 413,Zone 1
Person 414,Zone 4
Person 415,Zone 1
Person 416,Zone 2
Person 417,Zone 5
Person 418,Zone 1
Person 419,Zone 1
Person 420,Zone 3
Person 421,Zone 3
Person 422,Zone 5
Person 423,Zone 4
Person 424,Zone 4
Person 425,Zone 1
Person 426,Zone 5
Person 427,Zone 3
Person 428,Zone 4
Person 429,Zone 2
Person 430,Zone 1
Person 431,Zone 3
Person 432,Zone 1
Person 433,Zone 1
Person 434,Zone 4
Person 435,Zone 4
Person 436,Zone 1
Person 437,Zone 3
Person 438,Zone 2
Person 439,Zone 2
Person 440,Zone 4
Person 441,Zone 3
Person 442,Zone 5
Person 443,Zone 4
Person 444,Zone 3
Person 445,Zone 4
Person 446,Zone 2
Person 447,Zone 1
Person 448,Zone 4
Person 449,Zone 4
Person 450,Zone 4
Person 451,Zone 1
Person 452,Zone 5
Person 453,Zone 4
Person 454,Zone 5
Person 455,Zone 5
Person 456,Zone 4
Person 457,Zone 5
Person 458,Zone 3
Person 459,Zone 4
Person 460,Zone 1
Person 461,Zone 4
Person 462,Zone 3
Person 463,Zone 4
Person 464,Zone 3
Person 465,Zone 4
Person 466,Zone 1
Person 467,Zone 1
Person 468,Zone 5
Person 469,Zone 3
Person 470,Zone 5
Person 471,Zone 5
Person 472,Zone 4
Person 473,Zone 3
Person 474,Zone 2
Person 475,Zone 1
Person 476,Zone 5
Person 477,Zone 5
Person 478,Zone 4
Person 479,Zone 4
Person 480,Zone 3
Person 481,Zone 2
Person 482,Zone 1
Person 483,Zone 3
Person 484,Zone 3
Person 485,Zone 5
Person 486,Zone 5
Person 487,Zone 3
Person 488,Zone 1
Person 489,Zone 4
Person 490,Zone 4
Person 491,Zone 1
Person 492,Zone 3
Person 493,Zone 4
Person 494,Zone 1
Person 495,Zone 5
Person 496,Zone 5
Person 497,Zone 4
Person 498,Zone 1
Person 499,Zone 1
Person 500,Zone 2
Person 501,Zone 1
Person 502,Zone 2
Person 503,Zone 1
Person 504,Zone 5
Person 505,Zone 5
Person 506,Zone 1
Person 507,Zone 5
Person 508,Zone 2
Person 509,Zone 2
Person 510,Zone 4
Person 511,Zone 5
Person 512,Zone 1
Person 513,Zone 1
Person 514,Zone 2
Person 515,Zone 1
Person 516,Zone 4
Person 517,Zone 5
Person 518,Zone 1
Person 519,Zone 1
Person 520,Zone 2
Person 521,Zone 5
Person 522,Zone 1
Person 523,Zone 5
Person 524,Zone 2
Person 525,Zone 3
Person 526,Zone 2
Person 527,Zone 5
Person 528,Zone 5
Person 529,Zone 4
Person 530,Zone 1
Person 531,Zone 5
Person 532,Zone 1
Person 533,Zone 3
Person 534,Zone 1
Person 535,Zone 5
Person 536,Zone 5
Person 537,Zone 5
Person 538,Zone 2
Person 539,Zone 2
Person 540,Zone 4
Person 541,Zone 2
Person 542,Zone 3
Person 543,Zone 1
Person 544,Zone 1
Person 545,Zone 1
Person 546,Zone 1
Person 547,Zone 1
Person 548,Zone 3
Person 549,Zone 3
Person 550,Zone 4
Person 551,Zone 1
Person 552,Zone 3
Person 553,Zone 4
Person 554,Zone 1
Person 555,Zone 3
Person 556,Zone 2
Person 557,Zone 5
Person 558,Zone 1
Person 559,Zone 3
Person 560,Zone 3
Person 561,Zone 4
Person 562,Zone 2
Person 563,Zone 2
Person 564,Zone 2
Person 565,Zone 3
Person 566,Zone 5
Person 567,Zone 4
Person 568,Zone 2
Person 569,Zone 3
Person 570,Zone 4
Person 571,Zone 4
Person 572,Zone 3
Person 573,Zone 2
Person 574,Zone 4
Person 575,Zone 3
Person 576,Zone 2
Person 577,Zone 3
Person 578,Zone 5
Person 579,Zone 1
Person 580,Zone 3
Person 581,Zone 4
Person 582,Zone 3
Person 583,Zone 2
Person 584,Zone 1
Person 585,Zone 4
Person 586,Zone 4
Person 587,Zone 1
Person 588,Zone 2
Person 589,Zone 4
Person 590,Zone 4
Person 591,Zone 3
Person 592,Zone 1
Person 593,Zone 4
Person 594,Zone 3
Person 595,Zone 4
Person 596,Zone 4
Person 597,Zone 2
Person 598,Zone 4
Person 599,Zone 2
Person 600,Zone 5
Person 601,Zone 1
Person 602,Zone 5
Person 603,Zone 1
Person 604,Zone 2
Person 605,Zone 3
Person 606,Zone 3
Person 607,Zone 2
Person 608,Zone 1
Person 609,Zone 2
Person 610,Zone 2
Person 611,Zone 4
Person 612,Zone 5
Person 613,Zone 3
Person 614,Zone 1
Person 615,Zone 4
Person 616,Zone 2
Person 617,Zone 2
Person 618,Zone 3
Person 619,Zone 2
Person 620,Zone 5
Person 621,Zone 1
Person 622,Zone 3
Person 623,Zone 2
Person 624,Zone 3
Person 625,Zone 3
Person 626,Zone 4
Person 627,Zone 3
Person 628,Zone 3
Person 629,Zone 4
Person 630,Zone 3
Person 631,Zone 4
Person 632,Zone 4
Person 633,Zone 2
Person 634,Zone 2
Person 635,Zone 4
Person 636,Zone 1
Person 637,Zone 4
Person 638,Zone 2
Person 639,Zone 3
Person 640,Zone 1
Person 641,Zone 4
Person 642,Zone 2
Person 643,Zone 3
Person 644,Zone 3
Person 645,Zone 3
Person 646,Zone 4
Person 647,Zone 2
Person 648,Zone 4
Person 649,Zone 1
Person 650,Zone 2
Person 651,Zone 4
Person 652,Zone 1
Person 653,Zone 4
Person 654,Zone 1
Person 655,Zone 3
Person 656,Zone 5
Person 657,Zone 1
Person 658,Zone 3
Person 659,Zone 1
Person 660,Zone 5
Person 661,Zone 4
Person 662,Zone 4
Person 663,Zone 4
Person 664,Zone 1
Person 665,Zone 1
Person 666,Zone 4
Person 667,Zone 5
Person 668,Zone 5
Person 669,Zone 4
Person 670,Zone 4
Person 671,Zone 2
Person 672,Zone 4
Person 673,Zone 2
Person 674,Zone 1
Person 675,Zone 3
Person 676,Zone 2
Person 677,Zone 1
Person 678,Zone 3
Person 679,Zone 5
Person 680,Zone 3
Person 681,Zone 3
Person 682,Zone 4
Person 683,Zone 3
Person 684,Zone 1
Person 685,Zone 5
Person 686,Zone 3
Person 687,Zone 4
Person 688,Zone 2
Person 689,Zone 5
Person 690,Zone 2
Person 691,Zone 2
Person 692,Zone 1
Person 693,Zone 5
Person 694,Zone 3
Person 695,Zone 1
Person 696,Zone 2
Person 697,Zone 2
Person 698,Zone 1
Person 699,Zone 1
Person 700,Zone 1
Person 701,Zone 4
Person 702,Zone 1
Person 703,Zone 4
Person 704,Zone 4
Person 705,Zone 4
Person 706,Zone 3
Person 707,Zone 2
Person 708,Zone 5
Person 709,Zone 2
Person 710,Zone 3
Person 711,Zone 4
Person 712,Zone 3
Person 713,Zone 5
Person 714,Zone 5
Person 715,Zone 5
Person 716,Zone 5
Person 717,Zone 3
Person 718,Zone 3
Person 719,Zone 4
Person 720,Zone 2
Person 721,Zone 2
Person 722,Zone 1
Person 723,Zone 1
Person 724,Zone 1
Person 725,Zone 4
Person 726,Zone 1
Person 727,Zone 4
Person 728,Zone 4
Person 729,Zone 5
Person 730,Zone 2
Person 731,Zone 5
Person 732,Zone 3
Person 733,Zone 2
Person 734,Zone 1
Person 735,Zone 5
Person 736,Zone 4
Person 737,Zone 2
Person 738,Zone 3
Person 739,Zone 2
Person 740,Zone 1
Person 741,Zone 1
Person 742,Zone 2
Person 743,Zone 2
Person 744,Zone 3
Person 745,Zone 1
Person 746,Zone 2
Person 747,Zone 4
Person 748,Zone 4
Person 749,Zone 2
Person 750,Zone 5
Person 751,Zone 2
Person 752,Zone 2
Person 753,Zone 4
Person 754,Zone 1
Person 755,Zone 5
Person 756,Zone 1
Person 757,Zone 3
Person 758,Zone 4
Person 759,Zone 1
Person 760,Zone 5
Person 761,Zone 5
Person 762,Zone 3
Person 763,Zone 1
Person 764,Zone 1
Person 765,Zone 1
Person 766,Zone 4
Person 767,Zone 3
Person 768,Zone 5
Person 769,Zone 3
Person 770,Zone 1
Person 771,Zone 3
Person 772,Zone 4
Person 773,Zone 5
Person 774,Zone 1
Person 775,Zone 1
Person 776,Zone 3
Person 777,Zone 1
Person 778,Zone 5
Person 779,Zone 5
Person 780,Zone 2
Person 781,Zone 3
Person 782,Zone 3
Person 783,Zone 2
Person 784,Zone 3
Person 785,Zone 2
Person 786,Zone 2
Person 787,Zone 3
Person 788,Zone 4
Person 789,Zone 3
Person 790,Zone 2
Person 791,Zone 2
Person 792,Zone 1
Person 793,Zone 4
Person 794,Zone 1
Person 795,Zone 4
Person 796,Zone 2
Person 797,Zone 2
Person 798,Zone 4
Person 799,Zone 4
Person 800,Zone 4
Person 801,Zone 3
Person 802,Zone 5
Person 803,Zone 1
Person 804,Zone 4
Person 805,Zone 1
Person 806,Zone 4
Person 807,Zone 2
Person 808,Zone 4
Person 809,Zone 4
Person 810,Zone 4
Person 811,Zone 2
Person 812,Zone 5
Person 813,Zone 2
Person 814,Zone 3
Person 815,Zone 4
Person 816,Zone 2
Person 817,Zone 4
Person 818,Zone 2
Person 819,Zone 1
Person 820,Zone 5
Person 821,Zone 3
Person 822,Zone 2
Person 823,Zone 3
Person 824,Zone 1
Person 825,Zone 1
Person 826,Zone 2
Person 827,Zone 5
Person 828,Zone 3
Person 829,Zone 1
Person 830,Zone 4
Person 831,Zone 4
Person 832,Zone 4
Person 833,Zone 3
Person 834,Zone 4
Person 835,Zone 2
Person 836,Zone 4
Person 837,Zone 5
Person 838,Zone 4
Person 839,Zone 2
Person 840,Zone 3
Person 841,Zone 4
Person 842,Zone 5
Person 843,Zone 1
Person 844,Zone 5
Person 845,Zone 3
Person 846,Zone 2
Person 847,Zone 3
Person 848,Zone 1
Person 849,Zone 2
Person 850,Zone 4
Person 851,Zone 4
Person 852,Zone 3
Person 853,Zone 5
Person 854,Zone 3
Person 855,Zone 2
Person 856,Zone 5
Person 857,Zone 2
Person 858,Zone 4
Person 859,Zone 4
Person 860,Zone 5
Person 861,Zone 4
Person 862,Zone 2
Person 863,Zone 1
Person 864,Zone 1
Person 865,Zone 4
Person 866,Zone 5
Person 867,Zone 2
Person 868,Zone 3
Person 869,Zone 4
Person 870,Zone 4
Person 871,Zone 2
Person 872,Zone 4
Person 873,Zone 2
Person 874,Zone 2
Person 875,Zone 3
Person 876,Zone 4
Person 877,Zone 1
Person 878,Zone 1
Person 879,Zone 4
Person 880,Zone 1
Person 881,Zone 1
Person 882,Zone 2
Person 883,Zone 4
Person 884,Zone 1
Person 885,Zone 1
Person 886,Zone 5
Person 887,Zone 3
Person 888,Zone 5
Person 889,Zone 2
Person 890,Zone 3
Person 891,Zone 2
Person 892,Zone 1
Person 893,Zone 2
Person 894,Zone 5
Person 895,Zone 4
Person 896,Zone 2
Person 897,Zone 3
Person 898,Zone 2
Person 899,Zone 3
Person 900,Zone 4
Person 901,Zone 4
Person 902,Zone 3
Person 903,Zone 1
Person 904,Zone 5
Person 905,Zone 3
Person 906,Zone 2
Person 907,Zone 1
Person 908,Zone 1
Person 909,Zone 5
Person 910,Zone 3
Person 911,Zone 4
Person 912,Zone 1
Person 913,Zone 2
Person 914,Zone 5
Person 915,Zone 5
Person 916,Zone 2
Person 917,Zone 1
Person 918,Zone 5
Person 919,Zone 1
Person 920,Zone 4
Person 921,Zone 4
Person 922,Zone 1
Person 923,Zone 1
Person 924,Zone 5
Person 925,Zone 3
Person 926,Zone 4
Person 927,Zone 3
Person 928,Zone 1
Person 929,Zone 4
Person 930,Zone 2
Person 931,Zone 5
Person 932,Zone 4
Person 933,Zone 1
Person 934,Zone 5
Person 935,Zone 1
Person 936,Zone 1
Person 937,Zone 2
Person 938,Zone 1
Person 939,Zone 2
Person 940,Zone 2
Person 941,Zone 4
Person 942,Zone 3
Person 943,Zone 2
Person 944,Zone 3
Person 945,Zone 2
Person 946,Zone 2
Person 947,Zone 5
Person 948,Zone 3
Person 949,Zone 5
Person 950,Zone 4
Person 951,Zone 3
Person 952,Zone 2
Person 953,Zone 4
Person 954,Zone 3
Person 955,Zone 4
Person 956,Zone 3
Person 957,Zone 3
Person 958,Zone 1
Person 959,Zone 4
Person 960,Zone 1
Person 961,Zone 4
Person 962,Zone 3
Person 963,Zone 4
Person 964,Zone 2
Person 965,Zone 4
Person 966,Zone 2
Person 967,Zone 3
Person 968,Zone 2
Person 969,Zone 5
Person 970,Zone 5
Person 971,Zone 2
Person 972,Zone 3
Person 973,Zone 2
Person 974,Zone 5
Person 975,Zone 5
Person 976,Zone 3
Person 977,Zone 4
Person 978,Zone 4
Person 979,Zone 2
Person 980,Zone 5
Person 981,Zone 5
Person 982,Zone 2
Person 983,Zone 4
Person 984,Zone 1
Person 985,Zone 5
Person 986,Zone 3
Person 987,Zone 5
Person 988,Zone 2
Person 989,Zone 4
Person 990,Zone 2
Person 991,Zone 4
Person 992,Zone 4
Person 993,Zone 5
Person 994,Zone 1
Person 995,Zone 1
Person 996,Zone 1
Person 997,Zone 1
Person 998,Zone 5
Person 999,Zone 5
Person 1000,Zone 3
Person 1001,Zone 5
Person 1002,Zone 5
Person 1003,Zone 4
Person 1004,Zone 4
Person 1005,Zone 1
Person 1006,Zone 3
Person 1007,Zone 3
Person 1008,Zone 5
Person 1009,Zone 1
Person 1010,Zone 1
Person 1011,Zone 4
Person 1012,Zone 1
Person 1013,Zone 1
Person 1014,Zone 3
Person 1015,Zone 4
Person 1016,Zone 4
Person 1017,Zone 4
Person 1018,Zone 2
Person 1019,Zone 2
Person 1020,Zone 3
Person 1021,Zone 5
Person 1022,Zone 4
Person 1023,Zone 5
Person 1024,Zone 3
Person 1025,Zone 3
Person 1026,Zone 5
Person 1027,Zone 1
Person 1028,Zone 4
Person 1029,Zone 4
Person 1030,Zone 5
Person 1031,Zone 4
Person 1032,Zone 1
Person 1033,Zone 4
Person 1034,Zone 5
Person 1035,Zone 3
Person 1036,Zone 2
Person 1037,Zone 5
Person 1038,Zone 3
Person 1039,Zone 3
Person 1040,Zone 4
Person 1041,Zone 5
Person 1042,Zone 2
Person 1043,Zone 1
Person 1044,Zone 3
Person 1045,Zone 5
Person 1046,Zone 4
Person 1047,Zone 4
Person 1048,Zone 4
Person 1049,Zone 3
Person 1050,Zone 4
Person 1051,Zone 2
Person 1052,Zone 5
Person 1053,Zone 2
Person 1054,Zone 5
Person 1055,Zone 5
Person 1056,Zone 1
Person 1057,Zone 3
Person 1058,Zone 4
Person 1059,Zone 3
Person 1060,Zone 3
Person 1061,Zone 5
Person 1062,Zone 4
Person 1063,Zone 5
Person 1064,Zone 1
Person 1065,Zone 5
Person 1066,Zone 5
Person 1067,Zone 4
Person 1068,Zone 5
Person 1069,Zone 2
Person 1070,Zone 5
Person 1071,Zone 4
Person 1072,Zone 4
Person 1073,Zone 1
Person 1074,Zone 1
Person 1075,Zone 1
Person 1076,Zone 2
Person 1077,Zone 4
Person 1078,Zone 2
Person 1079,Zone 4
Person 1080,Zone 4
Person 1081,Zone 2
Person 1082,Zone 5
Person 1083,Zone 1
Person 1084,Zone 3
Person 1085,Zone 5
Person 1086,Zone 1
Person 1087,Zone 4
Person 1088,Zone 2
Person 1089,Zone 1
Person 1090,Zone 3
Person 1091,Zone 3
Person 1092,Zone 1
Person 1093,Zone 3
Person 1094,Zone 2
Person 1095,Zone 1
Person 1096,Zone 1
Person 1097,Zone 1
Person 1098,Zone 3
Person 1099,Zone 1
Person 1100,Zone 5
Person 1101,Zone 5
Person 1102,Zone 5
Person 1103,Zone 2
Person 1104,Zone 5
Person 1105,Zone 5
Person 1106,Zone 4
Person 1107,Zone 2
Person 1108,Zone 4
Person 1109,Zone 3
Person 1110,Zone 3
Person 1111,Zone 2
Person 1112,Zone 1
Person 1113,Zone 1
Person 1114,Zone 1
Person 1115,Zone 3
Person 1116,Zone 4
Person 1117,Zone 4
Person 1118,Zone 1
Person 1119,Zone 5
Person 1120,Zone 1
Person 1121,Zone 3
Person 1122,Zone 4
Person 1123,Zone 4
Person 1124,Zone 5
Person 1125,Zone 2
Person 1126,Zone 3
Person 1127,Zone 1
Person 1128,Zone 3
Person 1129,Zone 5
Person 1130,Zone 2
Person 1131,Zone 2
Person 1132,Zone 4
Person 1133,Zone 2
Person 1134,Zone 2
Person 1135,Zone 5
Person 1136,Zone 5
Person 1137,Zone 1
Person 1138,Zone 5
Person 1139,Zone 3
Person 1140,Zone 1
Person 1141,Zone 3
Person 1142,Zone 4
Person 1143,Zone 1
Person 1144,Zone 4
Person 1145,Zone 5
Person 1146,Zone 1
Person 1147,Zone 4
Person 1148,Zone 3
Person 1149,Zone 2
Person 1150,Zone 3
Person 1151,Zone 1
Person 1152,Zone 2
Person 1153,Zone 4
Person 1154,Zone 3
Person 1155,Zone 3
Person 1156,Zone 3
Person 1157,Zone 5
Person 1158,Zone 2
Person 1159,Zone 5
Person 1160,Zone 1
Person 1161,Zone 3
Person 1162,Zone 2
Person 1163,Zone 3
Person 1164,Zone 5
Person 1165,Zone 3
Person 1166,Zone 5
Person 1167,Zone 5
Person 1168,Zone 1
Person 1169,Zone 2
Person 1170,Zone 1
Person 1171,Zone 4
Person 1172,Zone 1
Person 1173,Zone 5
Person 1174,Zone 1
Person 1175,Zone 3
Person 1176,Zone 1
Person 1177,Zone 2
Person 1178,Zone 2
Person 1179,Zone 1
Person 1180,Zone 4
Person 1181,Zone 4
Person 1182,Zone 2
Person 1183,Zone 5
Person 1184,Zone 1
Person 1185,Zone 1
Person 1186,Zone 2
Person 1187,Zone 5
Person 1188,Zone 4
Person 1189,Zone 4
Person 1190,Zone 3
Person 1191,Zone 5
Person 1192,Zone 3
Person 1193,Zone 1
Person 1194,Zone 5
Person 1195,Zone 1
Person 1196,Zone 2
Person 1197,Zone 2
Person 1198,Zone 1
Person 1199,Zone 2
Person 1200,Zone 1
Person 1201,Zone 4
Person 1202,Zone 4
Person 1203,Zone 1
Person 1204,Zone 3
Person 1205,Zone 3
Person 1206,Zone 5
Person 1207,Zone 3
Person 1208,Zone 1
Person 1209,Zone 1
Person 1210,Zone 5
Person 1211,Zone 4
Person 1212,Zone 5
Person 1213,Zone 2
Person 1214,Zone 4
Person 1215,Zone 1
Person 1216,Zone 5
Person 1217,Zone 2
Person 1218,Zone 5
Person 1219,Zone 3
Person 1220,Zone 1
Person 1221,Zone 5
Person 1222,Zone 4
Person 1223,Zone 2
Person 1224,Zone 1
Person 1225,Zone 2
Person 1226,Zone 1
Person 1227,Zone 3
Person 1228,Zone 1
Person 1229,Zone 1
Person 1230,Zone 5
Person 1231,Zone 4
Person 1232,Zone 2
Person 1233,Zone 5
Person 1234,Zone 4
Person 1235,Zone 5
Person 1236,Zone 3
Person 1237,Zone 5
Person 1238,Zone 4
Person 1239,Zone 1
Person 1240,Zone 2
Person 1241,Zone 2
Person 1242,Zone 1
Person 1243,Zone 2
Person 1244,Zone 2
Person 1245,Zone 5
Person 1246,Zone 3
Person 1247,Zone 5
Person 1248,Zone 1
Person 1249,Zone 3
Person 1250,Zone 1
Person 1251,Zone 5
Person 1252,Zone 1
Person 1253,Zone 2
Person 1254,Zone 5
Person 1255,Zone 5
Person 1256,Zone 1
Person 1257,Zone 5
Person 1258,Zone 3
Person 1259,Zone 1
Person 1260,Zone 4
Person 1261,Zone 1
Person 1262,Zone 4
Person 1263,Zone 4
Person 1264,Zone 4
Person 1265,Zone 2
Person 1266,Zone 1
Person 1267,Zone 3
Person 1268,Zone 5
Person 1269,Zone 2
Person 1270,Zone 2
Person 1271,Zone 1
Person 1272,Zone 3
Person 1273,Zone 3
Person 1274,Zone 1
Person 1275,Zone 3
Person 1276,Zone 4
Person 1277,Zone 5
Person 1278,Zone 3
Person 1279,Zone 3
Person 1280,Zone 3
Person 1281,Zone 2
Person 1282,Zone 2
Person 1283,Zone 4
Person 1284,Zone 2
Person 1285,Zone 3
Person 1286,Zone 5
Person 1287,Zone 5
Person 1288,Zone 5
Person 1289,Zone 2
Person 1290,Zone 1
Person 1291,Zone 4
Person 1292,Zone 3
Person 1293,Zone 2
Person 1294,Zone 1
Person 1295,Zone 2
Person 1296,Zone 4
Person 1297,Zone 5
Person 1298,Zone 1
Person 1299,Zone 5
Person 1300,Zone 1
Person 1301,Zone 4
Person 1302,Zone 1
Person 1303,Zone 3
Person 1304,Zone 5
Person 1305,Zone 2
Person 1306,Zone 5
Person 1307,Zone 4
Person 1308,Zone 4
Person 1309,Zone 1
Person 1310,Zone 2
Person 1311,Zone 3
Person 1312,Zone 3
Person 1313,Zone 5
Person 1314,Zone 2
Person 1315,Zone 3
Person 1316,Zone 5
Person 1317,Zone 2
Person 1318,Zone 4
Person 1319,Zone 4
Person 1320,Zone 4
Person 1321,Zone 4
Person 1322,Zone 1
Person 1323,Zone 5
Person 1324,Zone 1
Person 1325,Zone 3
Person 1326,Zone 2
Person 1327,Zone 4
Person 1328,Zone 2
Person 1329,Zone 3
Person 1330,Zone 4
Person 1331,Zone 2
Person 1332,Zone 4
Person 1333,Zone 2
Person 1334,Zone 1
Person 1335,Zone 4
Person 1336,Zone 1
Person 1337,Zone 3
Person 1338,Zone 2
Person 1339,Zone 1
Person 1340,Zone 4
Person 1341,Zone 4
Person 1342,Zone 4
Person 1343,Zone 3
Person 1344,Zone 3
Person 1345,Zone 1
Person 1346,Zone 2
Person 1347,Zone 2
Person 1348,Zone 3
Person 1349,Zone 5
Person 1350,Zone 2
Person 1351,Zone 5
Person 1352,Zone 4
Person 1353,Zone 4
Person 1354,Zone 2
Person 1355,Zone 1
Person 1356,Zone 5
Person 1357,Zone 5
Person 1358,Zone 3
Person 1359,Zone 5
Person 1360,Zone 5
Person 1361,Zone 2
Person 1362,Zone 3
Person 1363,Zone 2
Person 1364,Zone 4
Person 1365,Zone 5
Person 1366,Zone 5
Person 1367,Zone 4
Person 1368,Zone 2
Person 1369,Zone 5
Person 1370,Zone 5
Person 1371,Zone 2
Person 1372,Zone 5
Person 1373,Zone 3
Person 1374,Zone 5
Person 1375,Zone 5
Person 1376,Zone 5
Person 1377,Zone 4
Person 1378,Zone 1
Person 1379,Zone 1
Person 1380,Zone 3
Person 1381,Zone 4
Person 1382,Zone 5
Person 1383,Zone 3
Person 1384,Zone 4
Person 1385,Zone 4
Person 1386,Zone 2
Person 1387,Zone 4
Person 1388,Zone 5
Person 1389,Zone 1
Person 1390,Zone 4
Person 1391,Zone 4
Person 1392,Zone 2
Person 1393,Zone 4
Person 1394,Zone 1
Person 1395,Zone 5
Person 1396,Zone 5
Person 1397,Zone 3
Person 1398,Zone 1
Person 1399,Zone 3
Person 1400,Zone 3
Person 1401,Zone 2
Person 1402,Zone 3
Person 1403,Zone 4
Person 1404,Zone 5
Person 1405,Zone 3
Person 1406,Zone 5
Person 1407,Zone 1
Person 1408,Zone 5
Person 1409,Zone 5
Person 1410,Zone 1
Person 1411,Zone 5
Person 1412,Zone 5
Person 1413,Zone 5
Person 1414,Zone 3
Person 1415,Zone 4
Person 1416,Zone 2
Person 1417,Zone 4
Person 1418,Zone 3
Person 1419,Zone 1
Person 1420,Zone 1
Person 1421,Zone 2
Person 1422,Zone 5
Person 1423,Zone 3
Person 1424,Zone 5
Person 1425,Zone 5
Person 1426,Zone 1
Person 1427,Zone 3
Person 1428,Zone 2
Person 1429,Zone 3
Person 1430,Zone 3
Person 1431,Zone 3
Person 1432,Zone 1
Person 1433,Zone 5
Person 1434,Zone 3
Person 1435,Zone 4
Person 1436,Zone 3
Person 1437,Zone 1
Person 1438,Zone 3
Person 1439,Zone 1
Person 1440,Zone 5
Person 1441,Zone 5
Person 1442,Zone 1
Person 1443,Zone 1
Person 1444,Zone 1
Person 1445,Zone 2
Person 1446,Zone 5
Person 1447,Zone 3
Person 1448,Zone 2
Person 1449,Zone 2
Person 1450,Zone 1
Person 1451,Zone 1
Person 1452,Zone 5
Person 1453,Zone 1
Person 1454,Zone 5
Person 1455,Zone 5
Person 1456,Zone 1
Person 1457,Zone 3
Person 1458,Zone 1
Person 1459,Zone 5
Person 1460,Zone 3
Person 1461,Zone 4
Person 1462,Zone 3
Person 1463,Zone 4
Person 1464,Zone 5
Person 1465,Zone 3
Person 1466,Zone 5
Person 1467,Zone 2
Person 1468,Zone 1
Person 1469,Zone 1
Person 1470,Zone 2
Person 1471,Zone 5
Person 1472,Zone 2
Person 1473,Zone 2
Person 1474,Zone 3
Person 1475,Zone 5
Person 1476,Zone 3
Person 1477,Zone 2
Person 1478,Zone 1
Person 1479,Zone 3
Person 1480,Zone 2
Person 1481,Zone 2
Person 1482,Zone 2
Person 1483,Zone 4
Person 1484,Zone 2
Person 1485,Zone 5
Person 1486,Zone 4
Person 1487,Zone 3
Person 1488,Zone 5
Person 1489,Zone 2
Person 1490,Zone 2
Person 1491,Zone 1
Person 1492,Zone 4
Person 1493,Zone 3
Person 1494,Zone 3
Person 1495,Zone 3
Person 1496,Zone 4
Person 1497,Zone 2
Person 1498,Zone 5
Person 1499,Zone 3
Person 1500,Zone 2
Person 1501,Zone 3
Person 1502,Zone 4
Person 1503,Zone 5
Person 1504,Zone 5
Person 1505,Zone 3
Person 1506,Zone 2
Person 1507,Zone 3
Person 1508,Zone 2
Person 1509,Zone 2
Person 1510,Zone 1
Person 1511,Zone 5
Person 1512,Zone 3
Person 1513,Zone 1
Person 1514,Zone 2
Person 1515,Zone 2
Person 1516,Zone 3
Person 1517,Zone 5
Person 1518,Zone 5
Person 1519,Zone 3
Person 1520,Zone 4
Person 1521,Zone 4
Person 1522,Zone 3
Person 1523,Zone 3
Person 1524,Zone 2
Person 1525,Zone 4
Person 1526,Zone 1
Person 1527,Zone 2
Person 1528,Zone 5
Person 1529,Zone 2
Person 1530,Zone 5
Person 1531,Zone 5
Person 1532,Zone 3
Person 1533,Zone 1
Person 1534,Zone 1
Person 1535,Zone 2
Person 1536,Zone 2
Person 1537,Zone 1
Person 1538,Zone 4
Person 1539,Zone 2
Person 1540,Zone 2
Person 1541,Zone 1
Person 1542,Zone 2
Person 1543,Zone 1
Person 1544,Zone 1
Person 1545,Zone 4
Person 1546,Zone 5
Person 1547,Zone 1
Person 1548,Zone 4
Person 1549,Zone 1
Person 1550,Zone 1
Person 1551,Zone 5
Person 1552,Zone 5
Person 1553,Zone 1
Person 1554,Zone 1
Person 1555,Zone 2
Person 1556,Zone 5
Person 1557,Zone 2
Person 1558,Zone 5
Person 1559,Zone 3
Person 1560,Zone 2
Person 1561,Zone 4
Person 1562,Zone 4
Person 1563,Zone 2
Person 1564,Zone 3
Person 1565,Zone 4
Person 1566,Zone 5
Person 1567,Zone 4
Person 1568,Zone 4
Person 1569,Zone 3
Person 1570,Zone 1
Person 1571,Zone 5
Person 1572,Zone 4
Person 1573,Zone 2
Person 1574,Zone 4
Person 1575,Zone 4
Person 1576,Zone 4
Person 1577,Zone 2
Person 1578,Zone 3
Person 1579,Zone 4
Person 1580,Zone 2
Person 1581,Zone 3
Person 1582,Zone 1
Person 1583,Zone 1
Person 1584,Zone 5
Person 1585,Zone 1
Person 1586,Zone 5
Person 1587,Zone 3
Person 1588,Zone 3
Person 1589,Zone 2
Person 1590,Zone 3
Person 1591,Zone 2
Person 1592,Zone 3
Person 1593,Zone 2
Person 1594,Zone 5
Person 1595,Zone 2
Person 1596,Zone 2
Person 1597,Zone 3
Person 1598,Zone 5
Person 1599,Zone 1
Person 1600,Zone 4
Person 1601,Zone 1
Person 1602,Zone 3
Person 1603,Zone 4
Person 1604,Zone 3
Person 1605,Zone 3
Person 1606,Zone 2
Person 1607,Zone 3
Person 1608,Zone 2
Person 1609,Zone 2
Person 1610,Zone 4
Person 1611,Zone 3
Person 1612,Zone 5
Person 1613,Zone 5
Person 1614,Zone 3
Person 1615,Zone 1
Person 1616,Zone 2
Person 1617,Zone 3
Person 1618,Zone 4
Person 1619,Zone 5
Person 1620,Zone 1
Person 1621,Zone 1
Person 1622,Zone 5
Person 1623,Zone 5
Person 1624,Zone 4
Person 1625,Zone 3
Person 1626,Zone 4
Person 1627,Zone 3
Person 1628,Zone 1
Person 1629,Zone 2
Person 1630,Zone 4
Person 1631,Zone 5
Person 1632,Zone 5
Person 1633,Zone 5
Person 1634,Zone 4
Person 1635,Zone 3
Person 1636,Zone 4
Person 1637,Zone 1
Person 1638,Zone 5
Person 1639,Zone 4
Person 1640,Zone 3
Person 1641,Zone 3
Person 1642,Zone 4
Person 1643,Zone 4
Person 1644,Zone 5
Person 1645,Zone 3
Person 1646,Zone 2
Person 1647,Zone 3
Person 1648,Zone 2
Person 1649,Zone 5
Person 1650,Zone 5
Person 1651,Zone 3
Person 1652,Zone 1
Person 1653,Zone 1
Person 1654,Zone 1
Person 1655,Zone 3
Person 1656,Zone 4
Person 1657,Zone 2
Person 1658,Zone 4
Person 1659,Zone 5
Person 1660,Zone 4
Person 1661,Zone 3
Person 1662,Zone 4
Person 1663,Zone 5
Person 1664,Zone 5
Person 1665,Zone 2
Person 1666,Zone 4
Person 1667,Zone 1
Person 1668,Zone 3
Person 1669,Zone 2
Person 1670,Zone 3
Person 1671,Zone 3
Person 1672,Zone 4
Person 1673,Zone 5
Person 1674,Zone 3
Person 1675,Zone 1
Person 1676,Zone 4
Person 1677,Zone 4
Person 1678,Zone 5
Person 1679,Zone 2
Person 1680,Zone 3
Person 1681,Zone 3
Person 1682,Zone 5
Person 1683,Zone 4
Person 1684,Zone 1
Person 1685,Zone 2
Person 1686,Zone 5
Person 1687,Zone 3
Person 1688,Zone 5
Person 1689,Zone 3
Person 1690,Zone 2
Person 1691,Zone 1
Person 1692,Zone 5
Person 1693,Zone 1
Person 1694,Zone 4
Person 1695,Zone 3
Person 1696,Zone 2
Person 1697,Zone 3
Person 1698,Zone 1
Person 1699,Zone 5
Person 1700,Zone 3
Person 1701,Zone 1
Person 1702,Zone 3
Person 1703,Zone 4
Person 1704,Zone 2
Person 1705,Zone 4
Person 1706,Zone 4
Person 1707,Zone 2
Person 1708,Zone 5
Person 1709,Zone 1
Person 1710,Zone 5
Person 1711,Zone 3
Person 1712,Zone 1
Person 1713,Zone 2
Person 1714,Zone 3
Person 1715,Zone 2
Person 1716,Zone 5
Person 1717,Zone 2
Person 1718,Zone 2
Person 1719,Zone 3
Person 1720,Zone 2
Person 1721,Zone 5
Person 1722,Zone 2
Person 1723,Zone 1
Person 1724,Zone 1
Person 1725,Zone 4
Person 1726,Zone 3
Person 1727,Zone 1
Person 1728,Zone 5
Person 1729,Zone 3
Person 1730,Zone 2
Person 1731,Zone 4
Person 1732,Zone 1
Person 1733,Zone 3
Person 1734,Zone 4
Person 1735,Zone 5
Person 1736,Zone 4
Person 1737,Zone 5
Person 1738,Zone 1
Person 1739,Zone 3
Person 1740,Zone 1
Person 1741,Zone 2
Person 1742,Zone 2
Person 1743,Zone 2
Person 1744,Zone 2
Person 1745,Zone 5
Person 1746,Zone 1
Person 1747,Zone 5
Person 1748,Zone 3
Person 1749,Zone 2
Person 1750,Zone 3
Person 1751,Zone 1
Person 1752,Zone 3
Person 1753,Zone 1
Person 1754,Zone 5
Person 1755,Zone 2
Person 1756,Zone 2
Person 1757,Zone 5
Person 1758,Zone 4
Person 1759,Zone 3
Person 1760,Zone 4
Person 1761,Zone 1
Person 1762,Zone 3
Person 1763,Zone 3
Person 1764,Zone 5
Person 1765,Zone 3
Person 1766,Zone 3
Person 1767,Zone 3
Person 1768,Zone 4
Person 1769,Zone 2
Person 1770,Zone 3
Person 1771,Zone 4
Person 1772,Zone 5
Person 1773,Zone 4
Person 1774,Zone 5
Person 1775,Zone 2
Person 1776,Zone 4
Person 1777,Zone 4
Person 1778,Zone 2
Person 1779,Zone 2
Person 1780,Zone 5
Person 1781,Zone 2
Person 1782,Zone 5
Person 1783,Zone 5
Person 1784,Zone 2
Person 1785,Zone 5
Person 1786,Zone 5
Person 1787,Zone 2
Person 1788,Zone 4
Person 1789,Zone 4
Person 1790,Zone 1
Person 1791,Zone 5
Person 1792,Zone 2
Person 1793,Zone 4
Person 1794,Zone 5
Person 1795,Zone 1
Person 1796,Zone 4
Person 1797,Zone 2
Person 1798,Zone 1
Person 1799,Zone 4
Person 1800,Zone 5
Person 1801,Zone 3
Person 1802,Zone 2
Person 1803,Zone 3
Person 1804,Zone 3
Person 1805,Zone 3
Person 1806,Zone 3
Person 1807,Zone 1
Person 1808,Zone 5
Person 1809,Zone 5
Person 1810,Zone 1
Person 1811,Zone 2
Person 1812,Zone 3
Person 1813,Zone 4
Person 1814,Zone 1
Person 1815,Zone 5
Person 1816,Zone 4
Person 1817,Zone 2
Person 1818,Zone 5
Person 1819,Zone 4
Person 1820,Zone 2
Person 1821,Zone 3
Person 1822,Zone 5
Person 1823,Zone 1
Person 1824,Zone 4
Person 1825,Zone 5
Person 1826,Zone 4
Person 1827,Zone 1
Person 1828,Zone 3
Person 1829,Zone 4
Person 1830,Zone 3
Person 1831,Zone 3
Person 1832,Zone 2
Person 1833,Zone 2
Person 1834,Zone 5
Person 1835,Zone 3
Person 1836,Zone 3
Person 1837,Zone 1
Person 1838,Zone 2
Person 1839,Zone 3
Person 1840,Zone 2
Person 1841,Zone 5
Person 1842,Zone 2
Person 1843,Zone 2
Person 1844,Zone 2
Person 1845,Zone 5
Person 1846,Zone 5
Person 1847,Zone 5
Person 1848,Zone 1
Person 1849,Zone 4
Person 1850,Zone 3
Person 1851,Zone 1
Person 1852,Zone 2
Person 1853,Zone 2
Person 1854,Zone 3
Person 1855,Zone 3
Person 1856,Zone 5
Person 1857,Zone 1
Person 1858,Zone 4
Person 1859,Zone 5
Person 1860,Zone 2
Person 1861,Zone 2
Person 1862,Zone 2
Person 1863,Zone 2
Person 1864,Zone 1
Person 1865,Zone 3
Person 1866,Zone 2
Person 1867,Zone 1
Person 1868,Zone 2
Person 1869,Zone 5
Person 1870,Zone 3
Person 1871,Zone 5
Person 1872,Zone 5
Person 1873,Zone 2
Person 1874,Zone 3
Person 1875,Zone 5
Person 1876,Zone 3
Person 1877,Zone 1
Person 1878,Zone 2
Person 1879,Zone 5
Person 1880,Zone 2
Person 1881,Zone 5
Person 1882,Zone 4
Person 1883,Zone 4
Person 1884,Zone 4
Person 1885,Zone 4
Person 1886,Zone 5
Person 1887,Zone 1
Person 1888,Zone 1
Person 1889,Zone 3
Person 1890,Zone 2
Person 1891,Zone 3
Person 1892,Zone 3
Person 1893,Zone 1
Person 1894,Zone 1
Person 1895,Zone 1
Person 1896,Zone 5
Person 1897,Zone 1
Person 1898,Zone 5
Person 1899,Zone 5
Person 1900,Zone 4
Person 1901,Zone 3
Person 1902,Zone 2
Person 1903,Zone 3
Person 1904,Zone 2
Person 1905,Zone 2
Person 1906,Zone 4
Person 1907,Zone 5
Person 1908,Zone 1
Person 1909,Zone 2
Person 1910,Zone 2
Person 1911,Zone 1
Person 1912,Zone 5
Person 1913,Zone 3
Person 1914,Zone 1
Person 1915,Zone 3
Person 1916,Zone 3
Person 1917,Zone 4
Person 1918,Zone 4
Person 1919,Zone 1
Person 1920,Zone 4
Person 1921,Zone 3
Person 1922,Zone 1
Person 1923,Zone 1
Person 1924,Zone 4
Person 1925,Zone 2
Person 1926,Zone 5
Person 1927,Zone 3
Person 1928,Zone 4
Person 1929,Zone 1
Person 1930,Zone 3
Person 1931,Zone 4
Person 1932,Zone 5
Person 1933,Zone 1
Person 1934,Zone 2
Person 1935,Zone 3
Person 1936,Zone 3
Person 1937,Zone 3
Person 1938,Zone 2
Person 1939,Zone 5
Person 1940,Zone 5
Person 1941,Zone 2
Person 1942,Zone 4
Person 1943,Zone 2
Person 1944,Zone 3
Person 1945,Zone 4
Person 1946,Zone 3
Person 1947,Zone 4
Person 1948,Zone 4
Person 1949,Zone 5
Person 1950,Zone 1
Person 1951,Zone 2
Person 1952,Zone 3
Person 1953,Zone 3
Person 1954,Zone 5
Person 1955,Zone 3
Person 1956,Zone 5
Person 1957,Zone 4
Person 1958,Zone 3
Person 1959,Zone 5
Person 1960,Zone 3
Person 1961,Zone 2
Person 1962,Zone 3
Person 1963,Zone 3
Person 1964,Zone 4
Person 1965,Zone 1
Person 1966,Zone 4
Person 1967,Zone 5
Person 1968,Zone 3
Person 1969,Zone 1
Person 1970,Zone 2
Person 1971,Zone 1
Person 1972,Zone 2
Person 1973,Zone 4
Person 1974,Zone 1
Person 1975,Zone 5
Person 1976,Zone 5
Person 1977,Zone 1
Person 1978,Zone 1
Person 1979,Zone 5
Person 1980,Zone 2
Person 1981,Zone 5
Person 1982,Zone 1
Person 1983,Zone 5
Person 1984,Zone 1
Person 1985,Zone 4
Person 1986,Zone 5
Person 1987,Zone 5
Person 1988,Zone 2
Person 1989,Zone 5
Person 1990,Zone 2
Person 1991,Zone 3
Person 1992,Zone 2
Person 1993,Zone 2
Person 1994,Zone 3
Person 1995,Zone 4
Person 1996,Zone 4
Person 1997,Zone 4
Person 1998,Zone 1
Person 1999,Zone 3
Person 2000,Zone 2
Person 2001,Zone 2
Person 2002,Zone 5
Person 2003,Zone 1
Person 2004,Zone 1
Person 2005,Zone 1
Person 2006,Zone 4
Person 2007,Zone 4
Person 2008,Zone 3
Person 2009,Zone 3
Person 2010,Zone 5
Person 2011,Zone 5
Person 2012,Zone 5
Person 2013,Zone 1
Person 2014,Zone 5
Person 2015,Zone 1
Person 2016,Zone 4
Person 2017,Zone 5
Person 2018,Zone 3
Person 2019,Zone 3
Person 2020,Zone 2
Person 2021,Zone 5
Person 2022,Zone 5
Person 2023,Zone 4
Person 2024,Zone 4
Person 2025,Zone 2
Person 2026,Zone 1
Person 2027,Zone 5
Person 2028,Zone 4
Person 2029,Zone 2
Person 2030,Zone 5
Person 2031,Zone 4
Person 2032,Zone 2
Person 2033,Zone 5
Person 2034,Zone 1
Person 2035,Zone 5
Person 2036,Zone 1
Person 2037,Zone 1
Person 2038,Zone 2
Person 2039,Zone 4
Person 2040,Zone 4
Person 2041,Zone 3
Person 2042,Zone 1
Person 2043,Zone 5
Person 2044,Zone 4
Person 2045,Zone 4
Person 2046,Zone 5
Person 2047,Zone 4
Person 2048,Zone 1
Person 2049,Zone 4
Person 2050,Zone 5
Person 2051,Zone 4
Person 2052,Zone 3
Person 2053,Zone 4
Person 2054,Zone 1
Person 2055,Zone 4
Person 2056,Zone 2
Person 2057,Zone 4
Person 2058,Zone 4
Person 2059,Zone 3
Person 2060,Zone 3
Person 2061,Zone 1
Person 2062,Zone 1
Person 2063,Zone 1
Person 2064,Zone 4
Person 2065,Zone 1
Person 2066,Zone 1
Person 2067,Zone 2
Person 2068,Zone 5
Person 2069,Zone 5
Person 2070,Zone 2
Person 2071,Zone 5
Person 2072,Zone 1
Person 2073,Zone 2
Person 2074,Zone 3
Person 2075,Zone 5
Person 2076,Zone 1
Person 2077,Zone 3
Person 2078,Zone 5
Person 2079,Zone 1
Person 2080,Zone 3
Person 2081,Zone 2
Person 2082,Zone 3
Person 2083,Zone 4
Person 2084,Zone 3
Person 2085,Zone 5
Person 2086,Zone 5
Person 2087,Zone 5
Person 2088,Zone 1
Person 2089,Zone 5
Person 2090,Zone 5
Person 2091,Zone 1
Person 2092,Zone 5
Person 2093,Zone 1
Person 2094,Zone 2
Person 2095,Zone 5
Person 2096,Zone 5
Person 2097,Zone 3
Person 2098,Zone 2
Person 2099,Zone 2
Person 2100,Zone 3
Person 2101,Zone 1
Person 2102,Zone 4
Person 2103,Zone 1
Person 2104,Zone 4
Person 2105,Zone 1
Person 2106,Zone 1
Person 2107,Zone 2
Person 2108,Zone 4
Person 2109,Zone 5
Person 2110,Zone 3
Person 2111,Zone 5
Person 2112,Zone 1
Person 2113,Zone 2
Person 2114,Zone 4
Person 2115,Zone 2
Person 2116,Zone 1
Person 2117,Zone 3
Person 2118,Zone 1
Person 2119,Zone 2
Person 2120,Zone 2
Person 2121,Zone 2
Person 2122,Zone 3
Person 2123,Zone 3
Person 2124,Zone 1
Person 2125,Zone 2
Person 2126,Zone 2
Person 2127,Zone 3
Person 2128,Zone 3
Person 2129,Zone 3
Person 2130,Zone 1
Person 2131,Zone 2
Person 2132,Zone 4
Person 2133,Zone 5
Person 2134,Zone 3
Person 2135,Zone 1
Person 2136,Zone 1
Person 2137,Zone 1
Person 2138,Zone 2
Person 2139,Zone 3
Person 2140,Zone 4
Person 2141,Zone 3
Person 2142,Zone 3
Person 2143,Zone 2
Person 2144,Zone 4
Person 2145,Zone 4
Person 2146,Zone 3
Person 2147,Zone 5
Person 2148,Zone 4
Person 2149,Zone 5
Person 2150,Zone 3
Person 2151,Zone 2
Person 2152,Zone 4
Person 2153,Zone 1
Person 2154,Zone 2
Person 2155,Zone 5
Person 2156,Zone 2
Person 2157,Zone 3
Person 2158,Zone 2
Person 2159,Zone 1
Person 2160,Zone 1
Person 2161,Zone 3
Person 2162,Zone 4
Person 2163,Zone 3
Person 2164,Zone 3
Person 2165,Zone 1
Person 2166,Zone 1
Person 2167,Zone 2
Person 2168,Zone 5
Person 2169,Zone 1
Person 2170,Zone 2
Person 2171,Zone 3
Person 2172,Zone 5
Person 2173,Zone 5
Person 2174,Zone 1
Person 2175,Zone 4
Person 2176,Zone 2
Person 2177,Zone 4
Person 2178,Zone 4
Person 2179,Zone 5
Person 2180,Zone 4
Person 2181,Zone 5
Person 2182,Zone 4
Person 2183,Zone 1
Person 2184,Zone 1
Person 2185,Zone 4
Person 2186,Zone 3
Person 2187,Zone 5
Person 2188,Zone 1
Person 2189,Zone 2
Person 2190,Zone 2
Person 2191,Zone 5
Person 2192,Zone 3
Person 2193,Zone 5
Person 2194,Zone 4
Person 2195,Zone 5
Person 2196,Zone 3
Person 2197,Zone 5
Person 2198,Zone 1
Person 2199,Zone 3
Person 2200,Zone 3
Person 2201,Zone 5
Person 2202,Zone 3
Person 2203,Zone 5
Person 2204,Zone 4
Person 2205,Zone 3
Person 2206,Zone 2
Person 2207,Zone 2
Person 2208,Zone 2
Person 2209,Zone 2
Person 2210,Zone 5
Person 2211,Zone 3
Person 2212,Zone 5
Person 2213,Zone 5
Person 2214,Zone 5
Person 2215,Zone 2
Person 2216,Zone 2
Person 2217,Zone 4
Person 2218,Zone 2
Person 2219,Zone 1
Person 2220,Zone 4
Person 2221,Zone 3
Person 2222,Zone 3
Person 2223,Zone 4
Person 2224,Zone 1
Person 2225,Zone 5
Person 2226,Zone 3
Person 2227,Zone 4
Person 2228,Zone 4
Person 2229,Zone 4
Person 2230,Zone 4
Person 2231,Zone 1
Person 2232,Zone 3
Person 2233,Zone 2
Person 2234,Zone 2
Person 2235,Zone 3
Person 2236,Zone 2
Person 2237,Zone 3
Person 2238,Zone 4
Person 2239,Zone 1
Person 2240,Zone 5
Person 2241,Zone 4
Person 2242,Zone 1
Person 2243,Zone 3
Person 2244,Zone 1
Person 2245,Zone 3
Person 2246,Zone 4
Person 2247,Zone 3
Person 2248,Zone 2
Person 2249,Zone 4
Person 2250,Zone 5
Person 2251,Zone 5
Person 2252,Zone 2
Person 2253,Zone 5
Person 2254,Zone 1
Person 2255,Zone 1
Person 2256,Zone 5
Person 2257,Zone 4
Person 2258,Zone 4
Person 2259,Zone 3
Person 2260,Zone 2
Person 2261,Zone 5
Person 2262,Zone 5
Person 2263,Zone 3
Person 2264,Zone 2
Person 2265,Zone 4
Person 2266,Zone 4
Person 2267,Zone 5
Person 2268,Zone 4
Person 2269,Zone 1
Person 2270,Zone 5
Person 2271,Zone 5
Person 2272,Zone 3
Person 2273,Zone 2
Person 2274,Zone 4
Person 2275,Zone 3
Person 2276,Zone 1
Person 2277,Zone 3
Person 2278,Zone 1
Person 2279,Zone 4
Person 2280,Zone 5
Person 2281,Zone 4
Person 2282,Zone 1
Person 2283,Zone 3
Person 2284,Zone 2
Person 2285,Zone 1
Person 2286,Zone 5
Person 2287,Zone 5
Person 2288,Zone 5
Person 2289,Zone 3
Person 2290,Zone 5
Person 2291,Zone 1
Person 2292,Zone 2
Person 2293,Zone 5
Person 2294,Zone 3
Person 2295,Zone 2
Person 2296,Zone 1
Person 2297,Zone 2
Person 2298,Zone 3
Person 2299,Zone 2
Person 2300,Zone 4
Person 2301,Zone 2
Person 2302,Zone 1
Person 2303,Zone 5
Person 2304,Zone 4
Person 2305,Zone 5
Person 2306,Zone 1
Person 2307,Zone 5
Person 2308,Zone 1
Person 2309,Zone 3
Person 2310,Zone 3
Person 2311,Zone 1
Person 2312,Zone 5
Person 2313,Zone 2
Person 2314,Zone 5
Person 2315,Zone 4
Person 2316,Zone 5
Person 2317,Zone 5
Person 2318,Zone 4
Person 2319,Zone 4
Person 2320,Zone 1
Person 2321,Zone 1
Person 2322,Zone 2
Person 2323,Zone 3
Person 2324,Zone 1
Person 2325,Zone 1
Person 2326,Zone 3
Person 2327,Zone 1
Person 2328,Zone 2
Person 2329,Zone 2
Person 2330,Zone 1
Person 2331,Zone 2
Person 2332,Zone 5
Person 2333,Zone 2
Person 2334,Zone 4
Person 2335,Zone 4
Person 2336,Zone 4
Person 2337,Zone 1
Person 2338,Zone 2
Person 2339,Zone 2
Person 2340,Zone 3
Person 2341,Zone 5
Person 2342,Zone 2
Person 2343,Zone 3
Person 2344,Zone 1
Person 2345,Zone 2
Person 2346,Zone 5
Person 2347,Zone 5
Person 2348,Zone 1
Person 2349,Zone 5
Person 2350,Zone 4
Person 2351,Zone 5
Person 2352,Zone 3
Person 2353,Zone 3
Person 2354,Zone 5
Person 2355,Zone 3
Person 2356,Zone 4
Person 2357,Zone 1
Person 2358,Zone 1
Person 2359,Zone 3
Person 2360,Zone 2
Person 2361,Zone 3
Person 2362,Zone 2
Person 2363,Zone 5
Person 2364,Zone 4
Person 2365,Zone 2
Person 2366,Zone 1
Person 2367,Zone 4
Person 2368,Zone 3
Person 2369,Zone 1
Person 2370,Zone 1
Person 2371,Zone 4
Person 2372,Zone 3
Person 2373,Zone 3
Person 2374,Zone 3
Person 2375,Zone 3
Person 2376,Zone 2
Person 2377,Zone 1
Person 2378,Zone 3
Person 2379,Zone 1
Person 2380,Zone 4
Person 2381,Zone 4
Person 2382,Zone 1
Person 2383,Zone 2
Person 2384,Zone 2
Person 2385,Zone 3
Person 2386,Zone 3
Person 2387,Zone 5
Person 2388,Zone 3
Person 2389,Zone 3
Person 2390,Zone 2
Person 2391,Zone 1
Person 2392,Zone 5
Person 2393,Zone 1
Person 2394,Zone 1
Person 2395,Zone 1
Person 2396,Zone 3
Person 2397,Zone 4
Person 2398,Zone 3
Person 2399,Zone 2
Person 2400,Zone 4
Person 2401,Zone 2
Person 2402,Zone 5
Person 2403,Zone 4
Person 2404,Zone 4
Person 2405,Zone 1
Person 2406,Zone 2
Person 2407,Zone 4
Person 2408,Zone 2
Person 2409,Zone 4
Person 2410,Zone 5
Person 2411,Zone 3
Person 2412,Zone 3
Person 2413,Zone 2
Person 2414,Zone 1
Person 2415,Zone 2
Person 2416,Zone 3
Person 2417,Zone 4
Person 2418,Zone 5
Person 2419,Zone 2
Person 2420,Zone 2
Person 2421,Zone 4
Person 2422,Zone 4
Person 2423,Zone 4
Person 2424,Zone 5
Person 2425,Zone 1
Person 2426,Zone 1
Person 2427,Zone 3
Person 2428,Zone 4
Person 2429,Zone 4
Person 2430,Zone 2
Person 2431,Zone 1
Person 2432,Zone 5
Person 2433,Zone 2
Person 2434,Zone 1
Person 2435,Zone 2
Person 2436,Zone 3
Person 2437,Zone 4
Person 2438,Zone 4
Person 2439,Zone 1
Person 2440,Zone 3
Person 2441,Zone 2
Person 2442,Zone 4
Person 2443,Zone 2
Person 2444,Zone 5
Person 2445,Zone 1
Person 2446,Zone 5
Person 2447,Zone 3
Person 2448,Zone 3
Person 2449,Zone 4
Person 2450,Zone 2
Person 2451,Zone 1
Person 2452,Zone 3
Person 2453,Zone 2
Person 2454,Zone 4
Person 2455,Zone 3
Person 2456,Zone 5
Person 2457,Zone 3
Person 2458,Zone 1
Person 2459,Zone 1
Person 2460,Zone 3
Person 2461,Zone 2
Person 2462,Zone 2
Person 2463,Zone 5
Person 2464,Zone 1
Person 2465,Zone 5
Person 2466,Zone 3
Person 2467,Zone 5
Person 2468,Zone 5
Person 2469,Zone 2
Person 2470,Zone 3
Person 2471,Zone 1
Person 2472,Zone 2
Person 2473,Zone 5
Person 2474,Zone 1
Person 2475,Zone 2
Person 2476,Zone 1
Person 2477,Zone 5
Person 2478,Zone 4
Person 2479,Zone 3
Person 2480,Zone 3
Person 2481,Zone 2
Person 2482,Zone 3
Person 2483,Zone 4
Person 2484,Zone 4
Person 2485,Zone 1
Person 2486,Zone 4
Person 2487,Zone 4
Person 2488,Zone 3
Person 2489,Zone 4
Person 2490,Zone 3
Person 2491,Zone 5
Person 2492,Zone 4
Person 2493,Zone 4
Person 2494,Zone 1
Person 2495,Zone 1
Person 2496,Zone 4
Person 2497,Zone 4
Person 2498,Zone 1
Person 2499,Zone 4
Person 2500,Zone 1
Person 2501,Zone 4
Person 2502,Zone 5
Person 2503,Zone 4
Person 2504,Zone 1
Person 2505,Zone 2
Person 2506,Zone 2
Person 2507,Zone 3
Person 2508,Zone 4
Person 2509,Zone 3
Person 2510,Zone 5
Person 2511,Zone 4
Person 2512,Zone 1
Person 2513,Zone 5
Person 2514,Zone 1
Person 2515,Zone 2
Person 2516,Zone 4
Person 2517,Zone 2
Person 2518,Zone 1
Person 2519,Zone 2
Person 2520,Zone 2
Person 2521,Zone 4
Person 2522,Zone 3
Person 2523,Zone 1
Person 2524,Zone 5
Person 2525,Zone 2
Person 2526,Zone 2
Person 2527,Zone 5
Person 2528,Zone 4
Person 2529,Zone 3
Person 2530,Zone 3
Person 2531,Zone 5
Person 2532,Zone 4
Person 2533,Zone 4
Person 2534,Zone 4
Person 2535,Zone 5
Person 2536,Zone 5
Person 2537,Zone 2
Person 2538,Zone 3
Person 2539,Zone 4
Person 2540,Zone 2
Person 2541,Zone 4
Person 2542,Zone 5
Person 2543,Zone 2
Person 2544,Zone 2
Person 2545,Zone 3
Person 2546,Zone 2
Person 2547,Zone 4
Person 2548,Zone 1
Person 2549,Zone 4
Person 2550,Zone 2
Person 2551,Zone 4
Person 2552,Zone 3
Person 2553,Zone 4
Person 2554,Zone 3
Person 2555,Zone 3
Person 2556,Zone 1
Person 2557,Zone 1
Person 2558,Zone 1
Person 2559,Zone 2
Person 2560,Zone 2
Person 2561,Zone 3
Person 2562,Zone 3
Person 2563,Zone 3
Person 2564,Zone 1
Person 2565,Zone 3
Person 2566,Zone 5
Person 2567,Zone 1
Person 2568,Zone 1
Person 2569,Zone 2
Person 2570,Zone 4
Person 2571,Zone 5
Person 2572,Zone 1
Person 2573,Zone 1
Person 2574,Zone 2
Person 2575,Zone 4
Person 2576,Zone 5
Person 2577,Zone 2
Person 2578,Zone 4
Person 2579,Zone 1
Person 2580,Zone 4
Person 2581,Zone 2
Person 2582,Zone 4
Person 2583,Zone 5
Person 2584,Zone 3
Person 2585,Zone 4
Person 2586,Zone 2
Person 2587,Zone 5
Person 2588,Zone 3
Person 2589,Zone 3
Person 2590,Zone 5
Person 2591,Zone 3
Person 2592,Zone 3
Person 2593,Zone 1
Person 2594,Zone 5
Person 2595,Zone 3
Person 2596,Zone 4
Person 2597,Zone 4
Person 2598,Zone 2
Person 2599,Zone 4
Person 2600,Zone 1
Person 2601,Zone 1
Person 2602,Zone 5
Person 2603,Zone 4
Person 2604,Zone 2
Person 2605,Zone 3
Person 2606,Zone 3
Person 2607,Zone 4
Person 2608,Zone 1
Person 2609,Zone 1
Person 2610,Zone 1
Person 2611,Zone 4
Person 2612,Zone 3
Person 2613,Zone 1
Person 2614,Zone 2
Person 2615,Zone 4
Person 2616,Zone 3
Person 2617,Zone 3
Person 2618,Zone 5
Person 2619,Zone 3
Person 2620,Zone 1
Person 2621,Zone 1
Person 2622,Zone 4
Person 2623,Zone 2
Person 2624,Zone 1
Person 2625,Zone 4
Person 2626,Zone 5
Person 2627,Zone 1
Person 2628,Zone 4
Person 2629,Zone 4
Person 2630,Zone 2
Person 2631,Zone 5
Person 2632,Zone 4
Person 2633,Zone 3
Person 2634,Zone 1
Person 2635,Zone 2
Person 2636,Zone 5
Person 2637,Zone 1
Person 2638,Zone 4
Person 2639,Zone 3
Person 2640,Zone 3
Person 2641,Zone 1
Person 2642,Zone 1
Person 2643,Zone 2
Person 2644,Zone 4
Person 2645,Zone 2
Person 2646,Zone 2
Person 2647,Zone 2
Person 2648,Zone 3
Person 2649,Zone 3
Person 2650,Zone 3
Person 2651,Zone 2
Person 2652,Zone 3
Person 2653,Zone 5
Person 2654,Zone 3
Person 2655,Zone 5
Person 2656,Zone 4
Person 2657,Zone 2
Person 2658,Zone 3
Person 2659,Zone 3
Person 2660,Zone 5
Person 2661,Zone 4
Person 2662,Zone 5
Person 2663,Zone 4
Person 2664,Zone 2
Person 2665,Zone 2
Person 2666,Zone 1
Person 2667,Zone 5
Person 2668,Zone 5
Person 2669,Zone 2
Person 2670,Zone 1
Person 2671,Zone 3
Person 2672,Zone 4
Person 2673,Zone 4
Person 2674,Zone 4
Person 2675,Zone 1
Person 2676,Zone 1
Person 2677,Zone 4
Person 2678,Zone 5
Person 2679,Zone 1
Person 2680,Zone 5
Person 2681,Zone 5
Person 2682,Zone 4
Person 2683,Zone 3
Person 2684,Zone 1
Person 2685,Zone 3
Person 2686,Zone 3
Person 2687,Zone 5
Person 2688,Zone 3
Person 2689,Zone 1
Person 2690,Zone 3
Person 2691,Zone 1
Person 2692,Zone 5
Person 2693,Zone 4
Person 2694,Zone 4
Person 2695,Zone 4
Person 2696,Zone 5
Person 2697,Zone 3
Person 2698,Zone 2
Person 2699,Zone 1
Person 2700,Zone 1
Person 2701,Zone 3
Person 2702,Zone 4
Person 2703,Zone 4
Person 2704,Zone 1
Person 2705,Zone 4
Person 2706,Zone 5
Person 2707,Zone 5
Person 2708,Zone 4
Person 2709,Zone 3
Person 2710,Zone 4
Person 2711,Zone 4
Person 2712,Zone 1
Person 2713,Zone 1
Person 2714,Zone 2
Person 2715,Zone 4
Person 2716,Zone 2
Person 2717,Zone 4
Person 2718,Zone 4
Person 2719,Zone 4
Person 2720,Zone 2
Person 2721,Zone 5
Person 2722,Zone 3
Person 2723,Zone 4
Person 2724,Zone 4
Person 2725,Zone 4
Person 2726,Zone 1
Person 2727,Zone 4
Person 2728,Zone 3
Person 2729,Zone 5
Person 2730,Zone 4
Person 2731,Zone 5
Person 2732,Zone 5
Person 2733,Zone 5
Person 2734,Zone 3
Person 2735,Zone 4
Person 2736,Zone 3
Person 2737,Zone 2
Person 2738,Zone 3
Person 2739,Zone 5
Person 2740,Zone 4
Person 2741,Zone 1
Person 2742,Zone 1
Person 2743,Zone 3
Person 2744,Zone 3
Person 2745,Zone 1
Person 2746,Zone 2
Person 2747,Zone 2
Person 2748,Zone 2
Person 2749,Zone 4
Person 2750,Zone 1
Person 2751,Zone 5
Person 2752,Zone 3
Person 2753,Zone 1
Person 2754,Zone 1
Person 2755,Zone 5
Person 2756,Zone 1
Person 2757,Zone 4
Person 2758,Zone 1
Person 2759,Zone 4
Person 2760,Zone 5
Person 2761,Zone 5
Person 2762,Zone 3
Person 2763,Zone 3
Person 2764,Zone 2
Person 2765,Zone 3
Person 2766,Zone 5
Person 2767,Zone 1
Person 2768,Zone 3
Person 2769,Zone 5
Person 2770,Zone 1
Person 2771,Zone 1
Person 2772,Zone 5
Person 2773,Zone 2
Person 2774,Zone 4
Person 2775,Zone 2
Person 2776,Zone 1
Person 2777,Zone 5
Person 2778,Zone 2
Person 2779,Zone 3
Person 2780,Zone 1
Person 2781,Zone 4
Person 2782,Zone 5
Person 2783,Zone 2
Person 2784,Zone 5
Person 2785,Zone 4
Person 2786,Zone 3
Person 2787,Zone 2
Person 2788,Zone 5
Person 2789,Zone 3
Person 2790,Zone 1
Person 2791,Zone 5
Person 2792,Zone 2
Person 2793,Zone 2
Person 2794,Zone 1
Person 2795,Zone 1
Person 2796,Zone 1
Person 2797,Zone 5
Person 2798,Zone 5
Person 2799,Zone 3
Person 2800,Zone 1
Person 2801,Zone 1
Person 2802,Zone 5
Person 2803,Zone 3
Person 2804,Zone 4
Person 2805,Zone 1
Person 2806,Zone 1
Person 2807,Zone 4
Person 2808,Zone 1
Person 2809,Zone 5
Person 2810,Zone 5
Person 2811,Zone 3
Person 2812,Zone 1
Person 2813,Zone 4
Person 2814,Zone 3
Person 2815,Zone 3
Person 2816,Zone 5
Person 2817,Zone 3
Person 2818,Zone 1
Person 2819,Zone 2
Person 2820,Zone 5
Person 2821,Zone 3
Person 2822,Zone 1
Person 2823,Zone 3
Person 2824,Zone 1
Person 2825,Zone 5
Person 2826,Zone 2
Person 2827,Zone 4
Person 2828,Zone 5
Person 2829,Zone 5
Person 2830,Zone 3
Person 2831,Zone 2
Person 2832,Zone 4
Person 2833,Zone 3
Person 2834,Zone 5
Person 2835,Zone 2
Person 2836,Zone 4
Person 2837,Zone 1
Person 2838,Zone 3
Person 2839,Zone 4
Person 2840,Zone 2
Person 2841,Zone 2
Person 2842,Zone 2
Person 2843,Zone 2
Person 2844,Zone 1
Person 2845,Zone 1
Person 2846,Zone 4
Person 2847,Zone 4
Person 2848,Zone 4
Person 2849,Zone 1
Person 2850,Zone 1
Person 2851,Zone 3
Person 2852,Zone 3
Person 2853,Zone 1
Person 2854,Zone 5
Person 2855,Zone 5
Person 2856,Zone 5
Person 2857,Zone 1
Person 2858,Zone 4
Person 2859,Zone 5
Person 2860,Zone 2
Person 2861,Zone 5
Person 2862,Zone 1
Person 2863,Zone 4
Person 2864,Zone 1
Person 2865,Zone 2
Person 2866,Zone 1
Person 2867,Zone 1
Person 2868,Zone 4
Person 2869,Zone 2
Person 2870,Zone 4
Person 2871,Zone 4
Person 2872,Zone 5
Person 2873,Zone 4
Person 2874,Zone 5
Person 2875,Zone 3
Person 2876,Zone 1
Person 2877,Zone 2
Person 2878,Zone 2
Person 2879,Zone 5
Person 2880,Zone 3
Person 2881,Zone 2
Person 2882,Zone 4
Person 2883,Zone 5
Person 2884,Zone 1
Person 2885,Zone 5
Person 2886,Zone 4
Person 2887,Zone 5
Person 2888,Zone 4
Person 2889,Zone 1
Person 2890,Zone 4
Person 2891,Zone 2
Person 2892,Zone 5
Person 2893,Zone 5
Person 2894,Zone 5
Person 2895,Zone 4
Person 2896,Zone 2
Person 2897,Zone 5
Person 2898,Zone 5
Person 2899,Zone 4
Person 2900,Zone 1
Person 2901,Zone 1
Person 2902,Zone 3
Person 2903,Zone 3
Person 2904,Zone 3
Person 2905,Zone 5
Person 2906,Zone 4
Person 2907,Zone 2
Person 2908,Zone 1
Person 2909,Zone 4
Person 2910,Zone 2
Person 2911,Zone 5
Person 2912,Zone 2
Person 2913,Zone 3
Person 2914,Zone 1
Person 2915,Zone 5
Person 2916,Zone 4
Person 2917,Zone 4
Person 2918,Zone 5
Person 2919,Zone 3
Person 2920,Zone 3
Person 2921,Zone 3
Person 2922,Zone 4
Person 2923,Zone 2
Person 2924,Zone 5
Person 2925,Zone 2
Person 2926,Zone 4
Person 2927,Zone 1
Person 2928,Zone 2
Person 2929,Zone 3
Person 2930,Zone 5
Person 2931,Zone 4
Person 2932,Zone 4
Person 2933,Zone 4
Person 2934,Zone 5
Person 2935,Zone 4
Person 2936,Zone 4
Person 2937,Zone 5
Person 2938,Zone 4
Person 2939,Zone 1
Person 2940,Zone 5
Person 2941,Zone 1
Person 2942,Zone 4
Person 2943,Zone 3
Person 2944,Zone 2
Person 2945,Zone 1
Person 2946,Zone 3
Person 2947,Zone 5
Person 2948,Zone 5
Person 2949,Zone 4
Person 2950,Zone 4
Person 2951,Zone 2
Person 2952,Zone 1
Person 2953,Zone 5
Person 2954,Zone 5
Person 2955,Zone 1
Person 2956,Zone 5
Person 2957,Zone 4
Person 2958,Zone 1
Person 2959,Zone 1
Person 2960,Zone 1
Person 2961,Zone 2
Person 2962,Zone 5
Person 2963,Zone 3
Person 2964,Zone 3
Person 2965,Zone 3
Person 2966,Zone 3
Person 2967,Zone 2
Person 2968,Zone 2
Person 2969,Zone 2
Person 2970,Zone 2
Person 2971,Zone 4
Person 2972,Zone 1
Person 2973,Zone 5
Person 2974,Zone 3
Person 2975,Zone 3
Person 2976,Zone 3
Person 2977,Zone 4
Person 2978,Zone 4
Person 2979,Zone 4
Person 2980,Zone 5
Person 2981,Zone 3
Person 2982,Zone 1
Person 2983,Zone 4
Person 2984,Zone 4
Person 2985,Zone 1
Person 2986,Zone 3
Person 2987,Zone 5
Person 2988,Zone 5
Person 2989,Zone 2
Person 2990,Zone 3
Person 2991,Zone 3
Person 2992,Zone 4
Person 2993,Zone 4
Person 2994,Zone 3
Person 2995,Zone 1
Person 2996,Zone 3
Person 2997,Zone 1
Person 2998,Zone 2
Person 2999,Zone 2
Person 3000,Zone 1
Person 3001,Zone 1
Person 3002,Zone 4
Person 3003,Zone 3
Person 3004,Zone 1
Person 3005,Zone 5
Person 3006,Zone 2
Person 3007,Zone 3
Person 3008,Zone 4
Person 3009,Zone 1
Person 3010,Zone 4
Person 3011,Zone 5
Person 3012,Zone 3
Person 3013,Zone 4
Person 3014,Zone 4
Person 3015,Zone 5
Person 3016,Zone 4
Person 3017,Zone 2
Person 3018,Zone 3
Person 3019,Zone 2
Person 3020,Zone 3
Person 3021,Zone 5
Person 3022,Zone 1
Person 3023,Zone 5
Person 3024,Zone 3
Person 3025,Zone 1
Person 3026,Zone 5
Person 3027,Zone 1
Person 3028,Zone 1
Person 3029,Zone 3
Person 3030,Zone 3
Person 3031,Zone 1
Person 3032,Zone 4
Person 3033,Zone 3
Person 3034,Zone 3
Person 3035,Zone 1
Person 3036,Zone 2
Person 3037,Zone 1
Person 3038,Zone 3
Person 3039,Zone 2
Person 3040,Zone 2
Person 3041,Zone 5
Person 3042,Zone 4
Person 3043,Zone 1
Person 3044,Zone 4
Person 3045,Zone 5
Person 3046,Zone 2
Person 3047,Zone 4
Person 3048,Zone 4
Person 3049,Zone 3
Person 3050,Zone 3
Person 3051,Zone 2
Person 3052,Zone 3
Person 3053,Zone 2
Person 3054,Zone 3
Person 3055,Zone 4
Person 3056,Zone 5
Person 3057,Zone 1
Person 3058,Zone 5
Person 3059,Zone 4
Person 3060,Zone 4
Person 3061,Zone 1
Person 3062,Zone 1
Person 3063,Zone 1
Person 3064,Zone 2
Person 3065,Zone 2
Person 3066,Zone 5
Person 3067,Zone 2
Person 3068,Zone 1
Person 3069,Zone 5
Person 3070,Zone 4
Person 3071,Zone 5
Person 3072,Zone 3
Person 3073,Zone 1
Person 3074,Zone 3
Person 3075,Zone 3
Person 3076,Zone 2
Person 3077,Zone 1
Person 3078,Zone 2
Person 3079,Zone 2
Person 3080,Zone 2
Person 3081,Zone 4
Person 3082,Zone 1
Person 3083,Zone 2
Person 3084,Zone 4
Person 3085,Zone 2
Person 3086,Zone 5
Person 3087,Zone 5
Person 3088,Zone 1
Person 3089,Zone 4
Person 3090,Zone 4
Person 3091,Zone 1
Person 3092,Zone 3
Person 3093,Zone 3
Person 3094,Zone 2
Person 3095,Zone 4
Person 3096,Zone 5
Person 3097,Zone 5
Person 3098,Zone 1
Person 3099,Zone 2
Person 3100,Zone 1
Person 3101,Zone 3
Person 3102,Zone 4
Person 3103,Zone 4
Person 3104,Zone 1
Person 3105,Zone 1
Person 3106,Zone 4
Person 3107,Zone 5
Person 3108,Zone 4
Person 3109,Zone 1
Person 3110,Zone 1
Person 3111,Zone 3
Person 3112,Zone 2
Person 3113,Zone 4
Person 3114,Zone 2
Person 3115,Zone 5
Person 3116,Zone 5
Person 3117,Zone 3
Person 3118,Zone 4
Person 3119,Zone 4
Person 3120,Zone 4
Person 3121,Zone 4
Person 3122,Zone 3
Person 3123,Zone 5
Person 3124,Zone 1
Person 3125,Zone 1
Person 3126,Zone 4
Person 3127,Zone 2
Person 3128,Zone 3
Person 3129,Zone 5
Person 3130,Zone 2
Person 3131,Zone 4
Person 3132,Zone 5
Person 3133,Zone 4
Person 3134,Zone 1
Person 3135,Zone 3
Person 3136,Zone 4
Person 3137,Zone 5
Person 3138,Zone 3
Person 3139,Zone 1
Person 3140,Zone 2
Person 3141,Zone 3
Person 3142,Zone 5
Person 3143,Zone 1
Person 3144,Zone 5
Person 3145,Zone 3
Person 3146,Zone 1
Person 3147,Zone 4
Person 3148,Zone 1
Person 3149,Zone 1
Person 3150,Zone 2
Person 3151,Zone 3
Person 3152,Zone 4
Person 3153,Zone 5
Person 3154,Zone 3
Person 3155,Zone 4
Person 3156,Zone 3
Person 3157,Zone 3
Person 3158,Zone 4
Person 3159,Zone 2
Person 3160,Zone 2
Person 3161,Zone 4
Person 3162,Zone 4
Person 3163,Zone 1
Person 3164,Zone 1
Person 3165,Zone 3
Person 3166,Zone 5
Person 3167,Zone 2
Person 3168,Zone 1
Person 3169,Zone 1
Person 3170,Zone 3
Person 3171,Zone 3
Person 3172,Zone 4
Person 3173,Zone 3
Person 3174,Zone 4
Person 3175,Zone 5
Person 3176,Zone 2
Person 3177,Zone 4
Person 3178,Zone 2
Person 3179,Zone 2
Person 3180,Zone 3
Person 3181,Zone 3
Person 3182,Zone 4
Person 3183,Zone 1
Person 3184,Zone 4
Person 3185,Zone 5
Person 3186,Zone 1
Person 3187,Zone 3
Person 3188,Zone 1
Person 3189,Zone 1
Person 3190,Zone 5
Person 3191,Zone 1
Person 3192,Zone 5
Person 3193,Zone 4
Person 3194,Zone 4
Person 3195,Zone 4
Person 3196,Zone 4
Person 3197,Zone 4
Person 3198,Zone 5
Person 3199,Zone 2
Person 3200,Zone 2
Person 3201,Zone 4
Person 3202,Zone 3
Person 3203,Zone 4
Person 3204,Zone 2
Person 3205,Zone 3
Person 3206,Zone 2
Person 3207,Zone 1
Person 3208,Zone 4
Person 3209,Zone 3
Person 3210,Zone 5
Person 3211,Zone 4
Person 3212,Zone 3
Person 3213,Zone 4
Person 3214,Zone 1
Person 3215,Zone 4
Person 3216,Zone 5
Person 3217,Zone 5
Person 3218,Zone 2
Person 3219,Zone 2
Person 3220,Zone 2
Person 3221,Zone 5
Person 3222,Zone 2
Person 3223,Zone 3
Person 3224,Zone 2
Person 3225,Zone 2
Person 3226,Zone 5
Person 3227,Zone 3
Person 3228,Zone 3
Person 3229,Zone 3
Person 3230,Zone 2
Person 3231,Zone 3
Person 3232,Zone 5
Person 3233,Zone 2
Person 3234,Zone 4
Person 3235,Zone 2
Person 3236,Zone 5
Person 3237,Zone 3
Person 3238,Zone 2
Person 3239,Zone 3
Person 3240,Zone 4
Person 3241,Zone 5
Person 3242,Zone 5
Person 3243,Zone 1
Person 3244,Zone 5
Person 3245,Zone 3
Person 3246,Zone 5
Person 3247,Zone 1
Person 3248,Zone 5
Person 3249,Zone 1
Person 3250,Zone 5
Person 3251,Zone 2
Person 3252,Zone 5
Person 3253,Zone 1
Person 3254,Zone 5
Person 3255,Zone 4
Person 3256,Zone 1
Person 3257,Zone 5
Person 3258,Zone 3
Person 3259,Zone 1
Person 3260,Zone 5
Person 3261,Zone 1
Person 3262,Zone 1
Person 3263,Zone 4
Person 3264,Zone 1
Person 3265,Zone 4
Person 3266,Zone 1
Person 3267,Zone 5
Person 3268,Zone 1
Person 3269,Zone 3
Person 3270,Zone 4
Person 3271,Zone 2
Person 3272,Zone 1
Person 3273,Zone 3
Person 3274,Zone 2
Person 3275,Zone 5
Person 3276,Zone 2
Person 3277,Zone 2
Person 3278,Zone 3
Person 3279,Zone 3
Person 3280,Zone 2
Person 3281,Zone 1
Person 3282,Zone 5
Person 3283,Zone 1
Person 3284,Zone 5
Person 3285,Zone 5
Person 3286,Zone 1
Person 3287,Zone 5
Person 3288,Zone 2
Person 3289,Zone 4
Person 3290,Zone 2
Person 3291,Zone 3
Person 3292,Zone 4
Person 3293,Zone 3
Person 3294,Zone 4
Person 3295,Zone 2
Person 3296,Zone 1
Person 3297,Zone 2
Person 3298,Zone 5
Person 3299,Zone 5
Person 3300,Zone 5
Person 3301,Zone 3
Person 3302,Zone 2
Person 3303,Zone 3
Person 3304,Zone 3
Person 3305,Zone 2
Person 3306,Zone 5
Person 3307,Zone 1
Person 3308,Zone 2
Person 3309,Zone 5
Person 3310,Zone 3
Person 3311,Zone 5
Person 3312,Zone 1
Person 3313,Zone 5
Person 3314,Zone 4
Person 3315,Zone 5
Person 3316,Zone 4
Person 3317,Zone 5
Person 3318,Zone 2
Person 3319,Zone 4
Person 3320,Zone 5
Person 3321,Zone 4
Person 3322,Zone 4
Person 3323,Zone 5
Person 3324,Zone 2
Person 3325,Zone 2
Person 3326,Zone 3
Person 3327,Zone 1
Person 3328,Zone 5
Person 3329,Zone 5
Person 3330,Zone 1
Person 3331,Zone 5
Person 3332,Zone 2
Person 3333,Zone 4
Person 3334,Zone 3
Person 3335,Zone 3
Person 3336,Zone 4
Person 3337,Zone 5
Person 3338,Zone 3
Person 3339,Zone 1
Person 3340,Zone 5
Person 3341,Zone 5
Person 3342,Zone 5
Person 3343,Zone 1
Person 3344,Zone 3
Person 3345,Zone 4
Person 3346,Zone 5
Person 3347,Zone 5
Person 3348,Zone 5
Person 3349,Zone 4
Person 3350,Zone 1
Person 3351,Zone 3
Person 3352,Zone 5
Person 3353,Zone 1
Person 3354,Zone 5
Person 3355,Zone 2
Person 3356,Zone 3
Person 3357,Zone 5
Person 3358,Zone 1
Person 3359,Zone 1
Person 3360,Zone 3
Person 3361,Zone 5
Person 3362,Zone 5
Person 3363,Zone 4
Person 3364,Zone 1
Person 3365,Zone 4
Person 3366,Zone 2
Person 3367,Zone 2
Person 3368,Zone 3
Person 3369,Zone 3
Person 3370,Zone 3
Person 3371,Zone 5
Person 3372,Zone 1
Person 3373,Zone 5
Person 3374,Zone 3
Person 3375,Zone 5
Person 3376,Zone 5
Person 3377,Zone 4
Person 3378,Zone 3
Person 3379,Zone 3
Person 3380,Zone 3
Person 3381,Zone 2
Person 3382,Zone 4
Person 3383,Zone 5
Person 3384,Zone 2
Person 3385,Zone 5
Person 3386,Zone 3
Person 3387,Zone 2
Person 3388,Zone 1
Person 3389,Zone 4
Person 3390,Zone 2
Person 3391,Zone 5
Person 3392,Zone 5
Person 3393,Zone 2
Person 3394,Zone 2
Person 3395,Zone 2
Person 3396,Zone 2
Person 3397,Zone 5
Person 3398,Zone 5
Person 3399,Zone 5
Person 3400,Zone 1
Person 3401,Zone 5
Person 3402,Zone 5
Person 3403,Zone 5
Person 3404,Zone 5
Person 3405,Zone 3
Person 3406,Zone 1
Person 3407,Zone 3
Person 3408,Zone 3
Person 3409,Zone 2
Person 3410,Zone 4
Person 3411,Zone 5
Person 3412,Zone 4
Person 3413,Zone 4
Person 3414,Zone 4
Person 3415,Zone 5
Person 3416,Zone 1
Person 3417,Zone 4
Person 3418,Zone 4
Person 3419,Zone 5
Person 3420,Zone 3
Person 3421,Zone 2
Person 3422,Zone 3
Person 3423,Zone 3
Person 3424,Zone 1
Person 3425,Zone 1
Person 3426,Zone 1
Person 3427,Zone 3
Person 3428,Zone 4
Person 3429,Zone 3
Person 3430,Zone 3
Person 3431,Zone 5
Person 3432,Zone 1
Person 3433,Zone 2
Person 3434,Zone 3
Person 3435,Zone 4
Person 3436,Zone 5
Person 3437,Zone 4
Person 3438,Zone 4
Person 3439,Zone 5
Person 3440,Zone 4
Person 3441,Zone 3
Person 3442,Zone 1
Person 3443,Zone 3
Person 3444,Zone 1
Person 3445,Zone 5
Person 3446,Zone 5
Person 3447,Zone 2
Person 3448,Zone 1
Person 3449,Zone 3
Person 3450,Zone 2
Person 3451,Zone 4
Person 3452,Zone 5
Person 3453,Zone 3
Person 3454,Zone 5
Person 3455,Zone 1
Person 3456,Zone 2
Person 3457,Zone 3
Person 3458,Zone 3
Person 3459,Zone 5
Person 3460,Zone 1
Person 3461,Zone 3
Person 3462,Zone 3
Person 3463,Zone 4
Person 3464,Zone 1
Person 3465,Zone 1
Person 3466,Zone 1
Person 3467,Zone 2
Person 3468,Zone 3
Person 3469,Zone 4
Person 3470,Zone 4
Person 3471,Zone 1
Person 3472,Zone 5
Person 3473,Zone 2
Person 3474,Zone 5
Person 3475,Zone 1
Person 3476,Zone 2
Person 3477,Zone 4
Person 3478,Zone 4
Person 3479,Zone 3
Person 3480,Zone 5
Person 3481,Zone 5
Person 3482,Zone 3
Person 3483,Zone 4
Person 3484,Zone 3
Person 3485,Zone 3
Person 3486,Zone 4
Person 3487,Zone 5
Person 3488,Zone 1
Person 3489,Zone 3
Person 3490,Zone 1
Person 3491,Zone 1
Person 3492,Zone 1
Person 3493,Zone 1
Person 3494,Zone 4
Person 3495,Zone 2
Person 3496,Zone 2
Person 3497,Zone 1
Person 3498,Zone 3
Person 3499,Zone 3
Person 3500,Zone 1
Person 3501,Zone 2
Person 3502,Zone 5
Person 3503,Zone 4
Person 3504,Zone 5
Person 3505,Zone 5
Person 3506,Zone 3
Person 3507,Zone 4
Person 3508,Zone 4
Person 3509,Zone 3
Person 3510,Zone 2
Person 3511,Zone 3
Person 3512,Zone 3
Person 3513,Zone 4
Person 3514,Zone 5
Person 3515,Zone 5
Person 3516,Zone 4
Person 3517,Zone 3
Person 3518,Zone 2
Person 3519,Zone 2
Person 3520,Zone 2
Person 3521,Zone 4
Person 3522,Zone 3
Person 3523,Zone 1
Person 3524,Zone 1
Person 3525,Zone 1
Person 3526,Zone 1
Person 3527,Zone 4
Person 3528,Zone 4
Person 3529,Zone 3
Person 3530,Zone 4
Person 3531,Zone 3
Person 3532,Zone 2
Person 3533,Zone 4
Person 3534,Zone 2
Person 3535,Zone 1
Person 3536,Zone 2
Person 3537,Zone 3
Person 3538,Zone 4
Person 3539,Zone 4
Person 3540,Zone 5
Person 3541,Zone 4
Person 3542,Zone 4
Person 3543,Zone 3
Person 3544,Zone 1
Person 3545,Zone 4
Person 3546,Zone 4
Person 3547,Zone 2
Person 3548,Zone 2
Person 3549,Zone 2
Person 3550,Zone 5
Person 3551,Zone 4
Person 3552,Zone 2
Person 3553,Zone 1
Person 3554,Zone 2
Person 3555,Zone 2
Person 3556,Zone 5
Person 3557,Zone 1
Person 3558,Zone 2
Person 3559,Zone 3
Person 3560,Zone 2
Person 3561,Zone 1
Person 3562,Zone 5
Person 3563,Zone 5
Person 3564,Zone 1
Person 3565,Zone 3
Person 3566,Zone 1
Person 3567,Zone 3
Person 3568,Zone 1
Person 3569,Zone 5
Person 3570,Zone 2
Person 3571,Zone 2
Person 3572,Zone 1
Person 3573,Zone 5
Person 3574,Zone 3
Person 3575,Zone 3
Person 3576,Zone 3
Person 3577,Zone 1
Person 3578,Zone 4
Person 3579,Zone 2
Person 3580,Zone 5
Person 3581,Zone 4
Person 3582,Zone 2
Person 3583,Zone 3
Person 3584,Zone 2
Person 3585,Zone 5
Person 3586,Zone 5
Person 3587,Zone 3
Person 3588,Zone 4
Person 3589,Zone 1
Person 3590,Zone 5
Person 3591,Zone 2
Person 3592,Zone 2
Person 3593,Zone 2
Person 3594,Zone 5
Person 3595,Zone 1
Person 3596,Zone 5
Person 3597,Zone 3
Person 3598,Zone 4
Person 3599,Zone 3
Person 3600,Zone 1
Person 3601,Zone 4
Person 3602,Zone 3
Person 3603,Zone 3
Person 3604,Zone 5
Person 3605,Zone 2
Person 3606,Zone 1
Person 3607,Zone 1
Person 3608,Zone 4
Person 3609,Zone 1
Person 3610,Zone 3
Person 3611,Zone 1
Person 3612,Zone 1
Person 3613,Zone 2
Person 3614,Zone 2
Person 3615,Zone 1
Person 3616,Zone 5
Person 3617,Zone 5
Person 3618,Zone 5
Person 3619,Zone 5
Person 3620,Zone 5
Person 3621,Zone 3
Person 3622,Zone 3
Person 3623,Zone 4
Person 3624,Zone 3
Person 3625,Zone 2
Person 3626,Zone 4
Person 3627,Zone 1
Person 3628,Zone 4
Person 3629,Zone 5
Person 3630,Zone 3
Person 3631,Zone 1
Person 3632,Zone 2
Person 3633,Zone 3
Person 3634,Zone 3
Person 3635,Zone 1
Person 3636,Zone 3
Person 3637,Zone 5
Person 3638,Zone 5
Person 3639,Zone 1
Person 3640,Zone 4
Person 3641,Zone 1
Person 3642,Zone 1
Person 3643,Zone 3
Person 3644,Zone 4
Person 3645,Zone 2
Person 3646,Zone 4
Person 3647,Zone 5
Person 3648,Zone 5
Person 3649,Zone 1
Person 3650,Zone 4
Person 3651,Zone 3
Person 3652,Zone 4
Person 3653,Zone 5
Person 3654,Zone 2
Person 3655,Zone 5
Person 3656,Zone 1
Person 3657,Zone 1
Person 3658,Zone 5
Person 3659,Zone 2
Person 3660,Zone 4
Person 3661,Zone 2
Person 3662,Zone 3
Person 3663,Zone 2
Person 3664,Zone 4
Person 3665,Zone 4
Person 3666,Zone 5
Person 3667,Zone 5
Person 3668,Zone 3
Person 3669,Zone 1
Person 3670,Zone 4
Person 3671,Zone 3
Person 3672,Zone 4
Person 3673,Zone 5
Person 3674,Zone 2
Person 3675,Zone 3
Person 3676,Zone 2
Person 3677,Zone 2
Person 3678,Zone 2
Person 3679,Zone 2
Person 3680,Zone 2
Person 3681,Zone 2
Person 3682,Zone 5
Person 3683,Zone 2
Person 3684,Zone 1
Person 3685,Zone 5
Person 3686,Zone 3
Person 3687,Zone 2
Person 3688,Zone 4
Person 3689,Zone 1
Person 3690,Zone 5
Person 3691,Zone 1
Person 3692,Zone 1
Person 3693,Zone 1
Person 3694,Zone 5
Person 3695,Zone 1
Person 3696,Zone 5
Person 3697,Zone 2
Person 3698,Zone 1
Person 3699,Zone 4
Person 3700,Zone 2
Person 3701,Zone 3
Person 3702,Zone 4
Person 3703,Zone 4
Person 3704,Zone 2
Person 3705,Zone 4
Person 3706,Zone 4
Person 3707,Zone 1
Person 3708,Zone 3
Person 3709,Zone 4
Person 3710,Zone 2
Person 3711,Zone 1
Person 3712,Zone 5
Person 3713,Zone 1
Person 3714,Zone 5
Person 3715,Zone 1
Person 3716,Zone 5
Person 3717,Zone 5
Person 3718,Zone 1
Person 3719,Zone 4
Person 3720,Zone 4
Person 3721,Zone 5
Person 3722,Zone 3
Person 3723,Zone 2
Person 3724,Zone 4
Person 3725,Zone 4
Person 3726,Zone 3
Person 3727,Zone 5
Person 3728,Zone 4
Person 3729,Zone 3
Person 3730,Zone 5
Person 3731,Zone 3
Person 3732,Zone 5
Person 3733,Zone 1
Person 3734,Zone 1
Person 3735,Zone 2
Person 3736,Zone 2
Person 3737,Zone 1
Person 3738,Zone 1
Person 3739,Zone 3
Person 3740,Zone 3
Person 3741,Zone 4
Person 3742,Zone 4
Person 3743,Zone 3
Person 3744,Zone 3
Person 3745,Zone 1
Person 3746,Zone 4
Person 3747,Zone 4
Person 3748,Zone 4
Person 3749,Zone 5
Person 3750,Zone 4
Person 3751,Zone 2
Person 3752,Zone 4
Person 3753,Zone 3
Person 3754,Zone 4
Person 3755,Zone 3
Person 3756,Zone 4
Person 3757,Zone 3
Person 3758,Zone 3
Person 3759,Zone 5
Person 3760,Zone 2
Person 3761,Zone 4
Person 3762,Zone 4
Person 3763,Zone 5
Person 3764,Zone 3
Person 3765,Zone 5
Person 3766,Zone 5
Person 3767,Zone 3
Person 3768,Zone 3
Person 3769,Zone 1
Person 3770,Zone 3
Person 3771,Zone 2
Person 3772,Zone 4
Person 3773,Zone 4
Person 3774,Zone 5
Person 3775,Zone 4
Person 3776,Zone 5
Person 3777,Zone 5
Person 3778,Zone 5
Person 3779,Zone 2
Person 3780,Zone 3
Person 3781,Zone 3
Person 3782,Zone 3
Person 3783,Zone 4
Person 3784,Zone 5
Person 3785,Zone 1
Person 3786,Zone 2
Person 3787,Zone 3
Person 3788,Zone 3
Person 3789,Zone 5
Person 3790,Zone 3
Person 3791,Zone 2
Person 3792,Zone 5
Person 3793,Zone 3
Person 3794,Zone 4
Person 3795,Zone 2
Person 3796,Zone 5
Person 3797,Zone 3
Person 3798,Zone 3
Person 3799,Zone 3
Person 3800,Zone 2
Person 3801,Zone 4
Person 3802,Zone 3
Person 3803,Zone 4
Person 3804,Zone 4
Person 3805,Zone 2
Person 3806,Zone 2
Person 3807,Zone 1
Person 3808,Zone 2
Person 3809,Zone 2
Person 3810,Zone 2
Person 3811,Zone 4
Person 3812,Zone 4
Person 3813,Zone 4
Person 3814,Zone 2
Person 3815,Zone 1
Person 3816,Zone 5
Person 3817,Zone 3
Person 3818,Zone 3
Person 3819,Zone 1
Person 3820,Zone 4
Person 3821,Zone 1
Person 3822,Zone 1
Person 3823,Zone 2
Person 3824,Zone 5
Person 3825,Zone 2
Person 3826,Zone 1
Person 3827,Zone 4
Person 3828,Zone 1
Person 3829,Zone 2
Person 3830,Zone 3
Person 3831,Zone 3
Person 3832,Zone 2
Person 3833,Zone 5
Person 3834,Zone 4
Person 3835,Zone 4
Person 3836,Zone 1
Person 3837,Zone 5
Person 3838,Zone 5
Person 3839,Zone 5
Person 3840,Zone 5
Person 3841,Zone 1
Person 3842,Zone 5
Person 3843,Zone 2
Person 3844,Zone 2
Person 3845,Zone 1
Person 3846,Zone 1
Person 3847,Zone 2
Person 3848,Zone 2
Person 3849,Zone 5
Person 3850,Zone 1
Person 3851,Zone 3
Person 3852,Zone 2
Person 3853,Zone 5
Person 3854,Zone 5
Person 3855,Zone 2
Person 3856,Zone 4
Person 3857,Zone 3
Person 3858,Zone 2
Person 3859,Zone 4
Person 3860,Zone 3
Person 3861,Zone 4
Person 3862,Zone 4
Person 3863,Zone 3
Person 3864,Zone 2
Person 3865,Zone 1
Person 3866,Zone 1
Person 3867,Zone 3
Person 3868,Zone 4
Person 3869,Zone 5
Person 3870,Zone 2
Person 3871,Zone 1
Person 3872,Zone 3
Person 3873,Zone 2
Person 3874,Zone 2
Person 3875,Zone 1
Person 3876,Zone 3
Person 3877,Zone 3
Person 3878,Zone 4
Person 3879,Zone 4
Person 3880,Zone 2
Person 3881,Zone 1
Person 3882,Zone 5
Person 3883,Zone 2
Person 3884,Zone 4
Person 3885,Zone 3
Person 3886,Zone 1
Person 3887,Zone 4
Person 3888,Zone 5
Person 3889,Zone 1
Person 3890,Zone 4
Person 3891,Zone 3
Person 3892,Zone 3
Person 3893,Zone 3
Person 3894,Zone 3
Person 3895,Zone 1
Person 3896,Zone 2
Person 3897,Zone 4
Person 3898,Zone 5
Person 3899,Zone 4
Person 3900,Zone 4
Person 3901,Zone 2
Person 3902,Zone 1
Person 3903,Zone 5
Person 3904,Zone 4
Person 3905,Zone 5
Person 3906,Zone 1
Person 3907,Zone 5
Person 3908,Zone 2
Person 3909,Zone 3
Person 3910,Zone 1
Person 3911,Zone 4
Person 3912,Zone 5
Person 3913,Zone 5
Person 3914,Zone 1
Person 3915,Zone 1
Person 3916,Zone 3
Person 3917,Zone 3
Person 3918,Zone 1
Person 3919,Zone 2
Person 3920,Zone 4
Person 3921,Zone 4
Person 3922,Zone 2
Person 3923,Zone 5
Person 3924,Zone 2
Person 3925,Zone 4
Person 3926,Zone 2
Person 3927,Zone 5
Person 3928,Zone 4
Person 3929,Zone 2
Person 3930,Zone 1
Person 3931,Zone 1
Person 3932,Zone 5
Person 3933,Zone 3
Person 3934,Zone 4
Person 3935,Zone 2
Person 3936,Zone 3
Person 3937,Zone 4
Person 3938,Zone 5
Person 3939,Zone 3
Person 3940,Zone 5
Person 3941,Zone 2
Person 3942,Zone 3
Person 3943,Zone 4
Person 3944,Zone 1
Person 3945,Zone 1
Person 3946,Zone 2
Person 3947,Zone 2
Person 3948,Zone 1
Person 3949,Zone 3
Person 3950,Zone 1
Person 3951,Zone 1
Person 3952,Zone 5
Person 3953,Zone 1
Person 3954,Zone 3
Person 3955,Zone 1
Person 3956,Zone 4
Person 3957,Zone 2
Person 3958,Zone 4
Person 3959,Zone 5
Person 3960,Zone 3
Person 3961,Zone 2
Person 3962,Zone 1
Person 3963,Zone 3
Person 3964,Zone 3
Person 3965,Zone 4
Person 3966,Zone 3
Person 3967,Zone 2
Person 3968,Zone 1
Person 3969,Zone 1
Person 3970,Zone 3
Person 3971,Zone 5
Person 3972,Zone 3
Person 3973,Zone 5
Person 3974,Zone 5
Person 3975,Zone 5
Person 3976,Zone 2
Person 3977,Zone 4
Person 3978,Zone 3
Person 3979,Zone 5
Person 3980,Zone 4
Person 3981,Zone 3
Person 3982,Zone 5
Person 3983,Zone 5
Person 3984,Zone 3
Person 3985,Zone 3
Person 3986,Zone 3
Person 3987,Zone 3
Person 3988,Zone 2
Person 3989,Zone 1
Person 3990,Zone 5
Person 3991,Zone 1
Person 3992,Zone 4
Person 3993,Zone 1
Person 3994,Zone 5
Person 3995,Zone 2
Person 3996,Zone 1
Person 3997,Zone 1
Person 3998,Zone 5
Person 3999,Zone 4
Person 4000,Zone 2
Person 4001,Zone 5
Person 4002,Zone 3
Person 4003,Zone 2
Person 4004,Zone 3
Person 4005,Zone 1
Person 4006,Zone 4
Person 4007,Zone 2
Person 4008,Zone 2
Person 4009,Zone 5
Person 4010,Zone 4
Person 4011,Zone 5
Person 4012,Zone 2
Person 4013,Zone 1
Person 4014,Zone 5
Person 4015,Zone 4
Person 4016,Zone 1
Person 4017,Zone 2
Person 4018,Zone 5
Person 4019,Zone 3
Person 4020,Zone 3
Person 4021,Zone 4
Person 4022,Zone 5
Person 4023,Zone 2
Person 4024,Zone 5
Person 4025,Zone 5
Person 4026,Zone 5
Person 4027,Zone 3
Person 4028,Zone 5
Person 4029,Zone 5
Person 4030,Zone 3
Person 4031,Zone 4
Person 4032,Zone 1
Person 4033,Zone 4
Person 4034,Zone 2
Person 4035,Zone 5
Person 4036,Zone 2
Person 4037,Zone 4
Person 4038,Zone 2
Person 4039,Zone 3
Person 4040,Zone 2
Person 4041,Zone 5
Person 4042,Zone 2
Person 4043,Zone 5
Person 4044,Zone 5
Person 4045,Zone 5
Person 4046,Zone 4
Person 4047,Zone 3
Person 4048,Zone 5
Person 4049,Zone 1
Person 4050,Zone 5
Person 4051,Zone 4
Person 4052,Zone 2
Person 4053,Zone 2
Person 4054,Zone 5
Person 4055,Zone 1
Person 4056,Zone 2
Person 4057,Zone 1
Person 4058,Zone 2
Person 4059,Zone 1
Person 4060,Zone 2
Person 4061,Zone 5
Person 4062,Zone 3
Person 4063,Zone 1
Person 4064,Zone 1
Person 4065,Zone 5
Person 4066,Zone 2
Person 4067,Zone 2
Person 4068,Zone 1
Person 4069,Zone 2
Person 4070,Zone 5
Person 4071,Zone 2
Person 4072,Zone 3
Person 4073,Zone 2
Person 4074,Zone 3
Person 4075,Zone 3
Person 4076,Zone 2
Person 4077,Zone 1
Person 4078,Zone 3
Person 4079,Zone 3
Person 4080,Zone 1
Person 4081,Zone 2
Person 4082,Zone 3
Person 4083,Zone 3
Person 4084,Zone 2
Person 4085,Zone 4
Person 4086,Zone 5
Person 4087,Zone 1
Person 4088,Zone 3
Person 4089,Zone 4
Person 4090,Zone 3
Person 4091,Zone 5
Person 4092,Zone 5
Person 4093,Zone 3
Person 4094,Zone 5
Person 4095,Zone 5
Person 4096,Zone 1
Person 4097,Zone 1
Person 4098,Zone 2
Person 4099,Zone 2
Person 4100,Zone 1
Person 4101,Zone 5
Person 4102,Zone 3
Person 4103,Zone 5
Person 4104,Zone 5
Person 4105,Zone 5
Person 4106,Zone 2
Person 4107,Zone 5
Person 4108,Zone 4
Person 4109,Zone 1
Person 4110,Zone 3
Person 4111,Zone 2
Person 4112,Zone 4
Person 4113,Zone 3
Person 4114,Zone 1
Person 4115,Zone 5
Person 4116,Zone 5
Person 4117,Zone 4
Person 4118,Zone 2
Person 4119,Zone 3
Person 4120,Zone 4
Person 4121,Zone 1
Person 4122,Zone 2
Person 4123,Zone 1
Person 4124,Zone 5
Person 4125,Zone 4
Person 4126,Zone 1
Person 4127,Zone 2
Person 4128,Zone 4
Person 4129,Zone 5
Person 4130,Zone 2
Person 4131,Zone 5
Person 4132,Zone 3
Person 4133,Zone 5
Person 4134,Zone 1
Person 4135,Zone 3
Person 4136,Zone 3
Person 4137,Zone 4
Person 4138,Zone 5
Person 4139,Zone 1
Person 4140,Zone 4
Person 4141,Zone 2
Person 4142,Zone 5
Person 4143,Zone 5
Person 4144,Zone 5
Person 4145,Zone 3
Person 4146,Zone 3
Person 4147,Zone 2
Person 4148,Zone 1
Person 4149,Zone 5
Person 4150,Zone 1
Person 4151,Zone 3
Person 4152,Zone 1
Person 4153,Zone 1
Person 4154,Zone 2
Person 4155,Zone 1
Person 4156,Zone 2
Person 4157,Zone 5
Person 4158,Zone 2
Person 4159,Zone 4
Person 4160,Zone 4
Person 4161,Zone 1
Person 4162,Zone 2
Person 4163,Zone 1
Person 4164,Zone 2
Person 4165,Zone 1
Person 4166,Zone 1
Person 4167,Zone 4
Person 4168,Zone 1
Person 4169,Zone 3
Person 4170,Zone 3
Person 4171,Zone 3
Person 4172,Zone 2
Person 4173,Zone 4
Person 4174,Zone 1
Person 4175,Zone 1
Person 4176,Zone 2
Person 4177,Zone 3
Person 4178,Zone 2
Person 4179,Zone 4
Person 4180,Zone 2
Person 4181,Zone 3
Person 4182,Zone 5
Person 4183,Zone 4
Person 4184,Zone 4
Person 4185,Zone 5
Person 4186,Zone 3
Person 4187,Zone 3
Person 4188,Zone 2
Person 4189,Zone 1
Person 4190,Zone 3
Person 4191,Zone 3
Person 4192,Zone 4
Person 4193,Zone 4
Person 4194,Zone 2
Person 4195,Zone 5
Person 4196,Zone 2
Person 4197,Zone 2
Person 4198,Zone 5
Person 4199,Zone 5
Person 4200,Zone 2
Person 4201,Zone 2
Person 4202,Zone 3
Person 4203,Zone 1
Person 4204,Zone 5
Person 4205,Zone 3
Person 4206,Zone 4
Person 4207,Zone 1
Person 4208,Zone 4
Person 4209,Zone 3
Person 4210,Zone 1
Person 4211,Zone 1
Person 4212,Zone 3
Person 4213,Zone 4
Person 4214,Zone 3
Person 4215,Zone 4
Person 4216,Zone 5
Person 4217,Zone 2
Person 4218,Zone 3
Person 4219,Zone 4
Person 4220,Zone 1
Person 4221,Zone 2
Person 4222,Zone 1
Person 4223,Zone 4
Person 4224,Zone 4
Person 4225,Zone 4
Person 4226,Zone 4
Person 4227,Zone 4
Person 4228,Zone 1
Person 4229,Zone 4
Person 4230,Zone 4
Person 4231,Zone 5
Person 4232,Zone 4
Person 4233,Zone 1
Person 4234,Zone 3
Person 4235,Zone 3
Person 4236,Zone 2
Person 4237,Zone 1
Person 4238,Zone 1
Person 4239,Zone 1
Person 4240,Zone 2
Person 4241,Zone 3
Person 4242,Zone 4
Person 4243,Zone 2
Person 4244,Zone 2
Person 4245,Zone 3
Person 4246,Zone 3
Person 4247,Zone 1
Person 4248,Zone 2
Person 4249,Zone 2
Person 4250,Zone 5
Person 4251,Zone 3
Person 4252,Zone 2
Person 4253,Zone 5
Person 4254,Zone 5
Person 4255,Zone 1
Person 4256,Zone 5
Person 4257,Zone 3
Person 4258,Zone 2
Person 4259,Zone 5
Person 4260,Zone 3
Person 4261,Zone 3
Person 4262,Zone 4
Person 4263,Zone 2
Person 4264,Zone 4
Person 4265,Zone 4
Person 4266,Zone 5
Person 4267,Zone 1
Person 4268,Zone 2
Person 4269,Zone 3
Person 4270,Zone 4
Person 4271,Zone 3
Person 4272,Zone 5
Person 4273,Zone 2
Person 4274,Zone 4
Person 4275,Zone 3
Person 4276,Zone 5
Person 4277,Zone 2
Person 4278,Zone 3
Person 4279,Zone 2
Person 4280,Zone 5
Person 4281,Zone 5
Person 4282,Zone 2
Person 4283,Zone 5
Person 4284,Zone 3
Person 4285,Zone 2
Person 4286,Zone 2
Person 4287,Zone 4
Person 4288,Zone 5
Person 4289,Zone 5
Person 4290,Zone 5
Person 4291,Zone 2
Person 4292,Zone 1
Person 4293,Zone 2
Person 4294,Zone 5
Person 4295,Zone 1
Person 4296,Zone 2
Person 4297,Zone 4
Person 4298,Zone 5
Person 4299,Zone 2
Person 4300,Zone 3
Person 4301,Zone 2
Person 4302,Zone 5
Person 4303,Zone 3
Person 4304,Zone 3
Person 4305,Zone 4
Person 4306,Zone 5
Person 4307,Zone 4
Person 4308,Zone 5
Person 4309,Zone 5
Person 4310,Zone 2
Person 4311,Zone 2
Person 4312,Zone 1
Person 4313,Zone 4
Person 4314,Zone 4
Person 4315,Zone 3
Person 4316,Zone 2
Person 4317,Zone 3
Person 4318,Zone 4
Person 4319,Zone 1
Person 4320,Zone 5
Person 4321,Zone 4
Person 4322,Zone 3
Person 4323,Zone 1
Person 4324,Zone 1
Person 4325,Zone 1
Person 4326,Zone 4
Person 4327,Zone 3
Person 4328,Zone 1
Person 4329,Zone 5
Person 4330,Zone 2
Person 4331,Zone 1
Person 4332,Zone 2
Person 4333,Zone 4
Person 4334,Zone 3
Person 4335,Zone 4
Person 4336,Zone 2
Person 4337,Zone 4
Person 4338,Zone 2
Person 4339,Zone 1
Person 4340,Zone 4
Person 4341,Zone 3
Person 4342,Zone 2
Person 4343,Zone 3
Person 4344,Zone 2
Person 4345,Zone 5
Person 4346,Zone 5
Person 4347,Zone 4
Person 4348,Zone 1
Person 4349,Zone 4
Person 4350,Zone 1
Person 4351,Zone 2
Person 4352,Zone 1
Person 4353,Zone 5
Person 4354,Zone 1
Person 4355,Zone 4
Person 4356,Zone 3
Person 4357,Zone 3
Person 4358,Zone 2
Person 4359,Zone 2
Person 4360,Zone 3
Person 4361,Zone 3
Person 4362,Zone 3
Person 4363,Zone 5
Person 4364,Zone 4
Person 4365,Zone 5
Person 4366,Zone 3
Person 4367,Zone 3
Person 4368,Zone 4
Person 4369,Zone 4
Person 4370,Zone 4
Person 4371,Zone 3
Person 4372,Zone 2
Person 4373,Zone 2
Person 4374,Zone 4
Person 4375,Zone 1
Person 4376,Zone 5
Person 4377,Zone 5
Person 4378,Zone 5
Person 4379,Zone 5
Person 4380,Zone 5
Person 4381,Zone 4
Person 4382,Zone 5
Person 4383,Zone 1
Person 4384,Zone 3
Person 4385,Zone 1
Person 4386,Zone 2
Person 4387,Zone 3
Person 4388,Zone 1
Person 4389,Zone 4
Person 4390,Zone 1
Person 4391,Zone 1
Person 4392,Zone 4
Person 4393,Zone 5
Person 4394,Zone 5
Person 4395,Zone 5
Person 4396,Zone 1
Person 4397,Zone 4
Person 4398,Zone 3
Person 4399,Zone 1
Person 4400,Zone 2
Person 4401,Zone 3
Person 4402,Zone 5
Person 4403,Zone 4
Person 4404,Zone 5
Person 4405,Zone 3
Person 4406,Zone 5
Person 4407,Zone 4
Person 4408,Zone 2
Person 4409,Zone 2
Person 4410,Zone 2
Person 4411,Zone 1
Person 4412,Zone 4
Person 4413,Zone 3
Person 4414,Zone 5
Person 4415,Zone 1
Person 4416,Zone 1
Person 4417,Zone 2
Person 4418,Zone 2
Person 4419,Zone 2
Person 4420,Zone 2
Person 4421,Zone 2
Person 4422,Zone 3
Person 4423,Zone 4
Person 4424,Zone 3
Person 4425,Zone 5
Person 4426,Zone 1
Person 4427,Zone 4
Person 4428,Zone 4
Person 4429,Zone 5
Person 4430,Zone 3
Person 4431,Zone 4
Person 4432,Zone 3
Person 4433,Zone 1
Person 4434,Zone 1
Person 4435,Zone 3
Person 4436,Zone 4
Person 4437,Zone 2
Person 4438,Zone 1
Person 4439,Zone 5
Person 4440,Zone 5
Person 4441,Zone 2
Person 4442,Zone 2
Person 4443,Zone 1
Person 4444,Zone 5
Person 4445,Zone 3
Person 4446,Zone 3
Person 4447,Zone 2
Person 4448,Zone 5
Person 4449,Zone 1
Person 4450,Zone 4
Person 4451,Zone 4
Person 4452,Zone 5
Person 4453,Zone 5
Person 4454,Zone 3
Person 4455,Zone 4
Person 4456,Zone 3
Person 4457,Zone 1
Person 4458,Zone 3
Person 4459,Zone 4
Person 4460,Zone 5
Person 4461,Zone 3
Person 4462,Zone 2
Person 4463,Zone 3
Person 4464,Zone 4
Person 4465,Zone 2
Person 4466,Zone 1
Person 4467,Zone 1
Person 4468,Zone 2
Person 4469,Zone 2
Person 4470,Zone 2
Person 4471,Zone 1
Person 4472,Zone 3
Person 4473,Zone 4
Person 4474,Zone 1
Person 4475,Zone 1
Person 4476,Zone 1
Person 4477,Zone 3
Person 4478,Zone 5
Person 4479,Zone 2
Person 4480,Zone 3
Person 4481,Zone 2
Person 4482,Zone 1
Person 4483,Zone 1
Person 4484,Zone 2
Person 4485,Zone 1
Person 4486,Zone 2
Person 4487,Zone 4
Person 4488,Zone 2
Person 4489,Zone 5
Person 4490,Zone 3
Person 4491,Zone 4
Person 4492,Zone 3
Person 4493,Zone 3
Person 4494,Zone 4
Person 4495,Zone 4
Person 4496,Zone 2
Person 4497,Zone 1
Person 4498,Zone 1
Person 4499,Zone 2
Person 4500,Zone 1
Person 4501,Zone 2
Person 4502,Zone 2
Person 4503,Zone 4
Person 4504,Zone 1
Person 4505,Zone 4
Person 4506,Zone 4
Person 4507,Zone 5
Person 4508,Zone 4
Person 4509,Zone 3
Person 4510,Zone 2
Person 4511,Zone 2
Person 4512,Zone 4
Person 4513,Zone 5
Person 4514,Zone 2
Person 4515,Zone 4
Person 4516,Zone 2
Person 4517,Zone 4
Person 4518,Zone 1
Person 4519,Zone 1
Person 4520,Zone 4
Person 4521,Zone 5
Person 4522,Zone 2
Person 4523,Zone 4
Person 4524,Zone 4
Person 4525,Zone 1
Person 4526,Zone 4
Person 4527,Zone 3
Person 4528,Zone 2
Person 4529,Zone 2
Person 4530,Zone 5
Person 4531,Zone 4
Person 4532,Zone 3
Person 4533,Zone 3
Person 4534,Zone 1
Person 4535,Zone 5
Person 4536,Zone 3
Person 4537,Zone 1
Person 4538,Zone 3
Person 4539,Zone 5
Person 4540,Zone 2
Person 4541,Zone 4
Person 4542,Zone 1
Person 4543,Zone 4
Person 4544,Zone 4
Person 4545,Zone 3
Person 4546,Zone 1
Person 4547,Zone 3
Person 4548,Zone 4
Person 4549,Zone 1
Person 4550,Zone 2
Person 4551,Zone 2
Person 4552,Zone 2
Person 4553,Zone 4
Person 4554,Zone 5
Person 4555,Zone 3
Person 4556,Zone 4
Person 4557,Zone 3
Person 4558,Zone 3
Person 4559,Zone 4
Person 4560,Zone 4
Person 4561,Zone 2
Person 4562,Zone 3
Person 4563,Zone 1
Person 4564,Zone 2
Person 4565,Zone 4
Person 4566,Zone 5
Person 4567,Zone 3
Person 4568,Zone 3
Person 4569,Zone 1
Person 4570,Zone 4
Person 4571,Zone 5
Person 4572,Zone 1
Person 4573,Zone 4
Person 4574,Zone 2
Person 4575,Zone 1
Person 4576,Zone 4
Person 4577,Zone 2
Person 4578,Zone 1
Person 4579,Zone 4
Person 4580,Zone 5
Person 4581,Zone 3
Person 4582,Zone 4
Person 4583,Zone 4
Person 4584,Zone 3
Person 4585,Zone 3
Person 4586,Zone 3
Person 4587,Zone 2
Person 4588,Zone 1
Person 4589,Zone 4
Person 4590,Zone 5
Person 4591,Zone 2
Person 4592,Zone 3
Person 4593,Zone 4
Person 4594,Zone 1
Person 4595,Zone 2
Person 4596,Zone 4
Person 4597,Zone 4
Person 4598,Zone 1
Person 4599,Zone 2
Person 4600,Zone 3
Person 4601,Zone 1
Person 4602,Zone 5
Person 4603,Zone 1
Person 4604,Zone 4
Person 4605,Zone 1
Person 4606,Zone 2
Person 4607,Zone 1
Person 4608,Zone 4
Person 4609,Zone 5
Person 4610,Zone 5
Person 4611,Zone 2
Person 4612,Zone 4
Person 4613,Zone 5
Person 4614,Zone 4
Person 4615,Zone 1
Person 4616,Zone 3
Person 4617,Zone 2
Person 4618,Zone 4
Person 4619,Zone 1
Person 4620,Zone 4
Person 4621,Zone 1
Person 4622,Zone 1
Person 4623,Zone 2
Person 4624,Zone 5
Person 4625,Zone 4
Person 4626,Zone 2
Person 4627,Zone 1
Person 4628,Zone 2
Person 4629,Zone 5
Person 4630,Zone 3
Person 4631,Zone 1
Person 4632,Zone 4
Person 4633,Zone 4
Person 4634,Zone 5
Person 4635,Zone 5
Person 4636,Zone 5
Person 4637,Zone 4
Person 4638,Zone 5
Person 4639,Zone 4
Person 4640,Zone 2
Person 4641,Zone 3
Person 4642,Zone 2
Person 4643,Zone 2
Person 4644,Zone 1
Person 4645,Zone 1
Person 4646,Zone 2
Person 4647,Zone 5
Person 4648,Zone 3
Person 4649,Zone 3
Person 4650,Zone 1
Person 4651,Zone 5
Person 4652,Zone 1
Person 4653,Zone 5
Person 4654,Zone 1
Person 4655,Zone 1
Person 4656,Zone 5
Person 4657,Zone 1
Person 4658,Zone 2
Person 4659,Zone 4
Person 4660,Zone 3
Person 4661,Zone 4
Person 4662,Zone 2
Person 4663,Zone 4
Person 4664,Zone 1
Person 4665,Zone 1
Person 4666,Zone 2
Person 4667,Zone 5
Person 4668,Zone 1
Person 4669,Zone 4
Person 4670,Zone 5
Person 4671,Zone 5
Person 4672,Zone 1
Person 4673,Zone 2
Person 4674,Zone 1
Person 4675,Zone 4
Person 4676,Zone 3
Person 4677,Zone 2
Person 4678,Zone 5
Person 4679,Zone 3
Person 4680,Zone 5
Person 4681,Zone 4
Person 4682,Zone 1
Person 4683,Zone 1
Person 4684,Zone 1
Person 4685,Zone 2
Person 4686,Zone 4
Person 4687,Zone 5
Person 4688,Zone 1
Person 4689,Zone 3
Person 4690,Zone 5
Person 4691,Zone 4
Person 4692,Zone 2
Person 4693,Zone 5
Person 4694,Zone 1
Person 4695,Zone 2
Person 4696,Zone 2
Person 4697,Zone 3
Person 4698,Zone 3
Person 4699,Zone 1
Person 4700,Zone 1
Person 4701,Zone 4
Person 4702,Zone 5
Person 4703,Zone 1
Person 4704,Zone 5
Person 4705,Zone 3
Person 4706,Zone 4
Person 4707,Zone 1
Person 4708,Zone 2
Person 4709,Zone 3
Person 4710,Zone 3
Person 4711,Zone 5
Person 4712,Zone 3
Person 4713,Zone 5
Person 4714,Zone 5
Person 4715,Zone 5
Person 4716,Zone 2
Person 4717,Zone 5
Person 4718,Zone 2
Person 4719,Zone 4
Person 4720,Zone 4
Person 4721,Zone 4
Person 4722,Zone 5
Person 4723,Zone 4
Person 4724,Zone 5
Person 4725,Zone 3
Person 4726,Zone 5
Person 4727,Zone 4
Person 4728,Zone 2
Person 4729,Zone 3
Person 4730,Zone 2
Person 4731,Zone 5
Person 4732,Zone 2
Person 4733,Zone 2
Person 4734,Zone 2
Person 4735,Zone 3
Person 4736,Zone 2
Person 4737,Zone 5
Person 4738,Zone 4
Person 4739,Zone 4
Person 4740,Zone 1
Person 4741,Zone 2
Person 4742,Zone 2
Person 4743,Zone 1
Person 4744,Zone 2
Person 4745,Zone 5
Person 4746,Zone 2
Person 4747,Zone 1
Person 4748,Zone 5
Person 4749,Zone 4
Person 4750,Zone 3
Person 4751,Zone 1
Person 4752,Zone 1
Person 4753,Zone 2
Person 4754,Zone 3
Person 4755,Zone 2
Person 4756,Zone 4
Person 4757,Zone 5
Person 4758,Zone 3
Person 4759,Zone 1
Person 4760,Zone 3
Person 4761,Zone 1
Person 4762,Zone 3
Person 4763,Zone 3
Person 4764,Zone 5
Person 4765,Zone 2
Person 4766,Zone 1
Person 4767,Zone 5
Person 4768,Zone 4
Person 4769,Zone 4
Person 4770,Zone 2
Person 4771,Zone 2
Person 4772,Zone 4
Person 4773,Zone 2
Person 4774,Zone 4
Person 4775,Zone 1
Person 4776,Zone 3
Person 4777,Zone 4
Person 4778,Zone 3
Person 4779,Zone 4
Person 4780,Zone 2
Person 4781,Zone 3
Person 4782,Zone 1
Person 4783,Zone 1
Person 4784,Zone 2
Person 4785,Zone 4
Person 4786,Zone 4
Person 4787,Zone 3
Person 4788,Zone 2
Person 4789,Zone 1
Person 4790,Zone 4
Person 4791,Zone 5
Person 4792,Zone 1
Person 4793,Zone 4
Person 4794,Zone 2
Person 4795,Zone 3
Person 4796,Zone 4
Person 4797,Zone 3
Person 4798,Zone 3
Person 4799,Zone 4
Person 4800,Zone 4
Person 4801,Zone 3
Person 4802,Zone 3
Person 4803,Zone 4
Person 4804,Zone 1
Person 4805,Zone 1
Person 4806,Zone 3
Person 4807,Zone 4
Person 4808,Zone 5
Person 4809,Zone 3
Person 4810,Zone 4
Person 4811,Zone 5
Person 4812,Zone 1
Person 4813,Zone 1
Person 4814,Zone 3
Person 4815,Zone 3
Person 4816,Zone 2
Person 4817,Zone 2
Person 4818,Zone 5
Person 4819,Zone 3
Person 4820,Zone 3
Person 4821,Zone 5
Person 4822,Zone 3
Person 4823,Zone 3
Person 4824,Zone 1
Person 4825,Zone 1
Person 4826,Zone 3
Person 4827,Zone 1
Person 4828,Zone 3
Person 4829,Zone 5
Person 4830,Zone 2
Person 4831,Zone 5
Person 4832,Zone 4
Person 4833,Zone 5
Person 4834,Zone 2
Person 4835,Zone 4
Person 4836,Zone 4
Person 4837,Zone 1
Person 4838,Zone 1
Person 4839,Zone 4
Person 4840,Zone 4
Person 4841,Zone 1
Person 4842,Zone 3
Person 4843,Zone 3
Person 4844,Zone 3
Person 4845,Zone 4
Person 4846,Zone 5
Person 4847,Zone 1
Person 4848,Zone 5
Person 4849,Zone 4
Person 4850,Zone 2
Person 4851,Zone 2
Person 4852,Zone 3
Person 4853,Zone 3
Person 4854,Zone 5
Person 4855,Zone 5
Person 4856,Zone 4
Person 4857,Zone 5
Person 4858,Zone 4
Person 4859,Zone 4
Person 4860,Zone 3
Person 4861,Zone 4
Person 4862,Zone 3
Person 4863,Zone 5
Person 4864,Zone 5
Person 4865,Zone 5
Person 4866,Zone 2
Person 4867,Zone 2
Person 4868,Zone 4
Person 4869,Zone 2
Person 4870,Zone 2
Person 4871,Zone 4
Person 4872,Zone 4
Person 4873,Zone 5
Person 4874,Zone 5
Person 4875,Zone 3
Person 4876,Zone 1
Person 4877,Zone 3
Person 4878,Zone 4
Person 4879,Zone 2
Person 4880,Zone 5
Person 4881,Zone 2
Person 4882,Zone 5
Person 4883,Zone 4
Person 4884,Zone 4
Person 4885,Zone 1
Person 4886,Zone 5
Person 4887,Zone 2
Person 4888,Zone 1
Person 4889,Zone 1
Person 4890,Zone 5
Person 4891,Zone 3
Person 4892,Zone 3
Person 4893,Zone 5
Person 4894,Zone 5
Person 4895,Zone 4
Person 4896,Zone 4
Person 4897,Zone 4
Person 4898,Zone 3
Person 4899,Zone 1
Person 4900,Zone 2
Person 4901,Zone 2
Person 4902,Zone 2
Person 4903,Zone 5
Person 4904,Zone 2
Person 4905,Zone 2
Person 4906,Zone 4
Person 4907,Zone 5
Person 4908,Zone 4
Person 4909,Zone 2
Person 4910,Zone 5
Person 4911,Zone 1
Person 4912,Zone 4
Person 4913,Zone 3
Person 4914,Zone 4
Person 4915,Zone 3
Person 4916,Zone 4
Person 4917,Zone 1
Person 4918,Zone 5
Person 4919,Zone 4
Person 4920,Zone 1
Person 4921,Zone 5
Person 4922,Zone 5
Person 4923,Zone 4
Person 4924,Zone 5
Person 4925,Zone 5
Person 4926,Zone 2
Person 4927,Zone 1
Person 4928,Zone 2
Person 4929,Zone 5
Person 4930,Zone 2
Person 4931,Zone 3
Person 4932,Zone 5
Person 4933,Zone 1
Person 4934,Zone 3
Person 4935,Zone 2
Person 4936,Zone 3
Person 4937,Zone 5
Person 4938,Zone 3
Person 4939,Zone 1
Person 4940,Zone 5
Person 4941,Zone 5
Person 4942,Zone 2
Person 4943,Zone 1
Person 4944,Zone 3
Person 4945,Zone 4
Person 4946,Zone 3
Person 4947,Zone 1
Person 4948,Zone 1
Person 4949,Zone 4
Person 4950,Zone 3
Person 4951,Zone 4
Person 4952,Zone 2
Person 4953,Zone 3
Person 4954,Zone 2
Person 4955,Zone 4
Person 4956,Zone 3
Person 4957,Zone 1
Person 4958,Zone 4
Person 4959,Zone 5
Person 4960,Zone 3
Person 4961,Zone 1
Person 4962,Zone 3
Person 4963,Zone 4
Person 4964,Zone 2
Person 4965,Zone 5
Person 4966,Zone 5
Person 4967,Zone 3
Person 4968,Zone 3
Person 4969,Zone 3
Person 4970,Zone 4
Person 4971,Zone 1
Person 4972,Zone 2
Person 4973,Zone 4
Person 4974,Zone 1
Person 4975,Zone 3
Person 4976,Zone 2
Person 4977,Zone 1
Person 4978,Zone 3
Person 4979,Zone 3
Person 4980,Zone 2
Person 4981,Zone 2
Person 4982,Zone 3
Person 4983,Zone 4
Person 4984,Zone 1
Person 4985,Zone 3
Person 4986,Zone 3
Person 4987,Zone 5
Person 4988,Zone 4
Person 4989,Zone 3
Person 4990,Zone 3
Person 4991,Zone 4
Person 4992,Zone 3
Person 4993,Zone 4
Person 4994,Zone 2
Person 4995,Zone 2
Person 4996,Zone 5
Person 4997,Zone 5
Person 4998,Zone 4
Person 4999,Zone 5
Person 5000,Zone 5
